,0,1,2,3
0,5231,porlockvisitor, INFP - The Idealists,"Pavement by: Psychic Hearts<br/>
(I had to upload this to YouTube, it wasn't up there already. Haha.)<br/> <br/> <iframe class=""restrain"" frameborder=""0"" height=""390"" id=""yui-gen61"" src=""//www.youtube.com/embed/IWV3fX1jr78?wmode=opaque"" title=""YouTube video player"" width=""640""></iframe> <br/> <br/>
And Police, the better song of the two.<br/> <br/> <iframe class=""restrain"" frameborder=""0"" height=""390"" id=""yui-gen62"" src=""//www.youtube.com/embed/ZWp5jCaAjrU?wmode=opaque"" title=""YouTube video player"" width=""640""></iframe> "
1,5232,linus, INFJ - The Protectors," <div class=""bbcode_container""> <div class=""bbcode_quote""> <div class=""quote_container""> <div class=""bbcode_quote_container""></div> <div class=""bbcode_postedby""> <img alt=""Quote"" src=""http://personalitycafe.com/images/styles/PersonalityCafe/misc/quote_icon.png"" title=""Quote""/> Originally Posted by <strong>INFJGirlie</strong> <a href=""http://personalitycafe.com/book-music-movie-reviews/208-what-song-you-listening-now-post484149.html#post484149"" rel=""nofollow""><img alt=""View Post"" class=""inlineimg"" src=""http://personalitycafe.com/images/styles/PersonalityCafe/buttons/viewpost-right.png"" title=""View Post""/></a> </div> <div class=""message"">Paolo Nutini - Tricks of the Trade.  This kid is only 22 but his voice and soul tells me, he has seen a thing or two.</div> </div> </div> </div> Yea I was surprised how mature his voice is.."
2,5233,kiwigrl, ENFJ," <div class=""bbcode_container""> <div class=""bbcode_quote""> <div class=""quote_container""> <div class=""bbcode_quote_container""></div> <div class=""bbcode_postedby""> <img alt=""Quote"" src=""http://personalitycafe.com/images/styles/PersonalityCafe/misc/quote_icon.png"" title=""Quote""/> Originally Posted by <strong>PoppyPeedOnMySofa</strong> <a href=""http://personalitycafe.com/book-music-movie-reviews/208-what-song-you-listening-now-post484076.html#post484076"" rel=""nofollow""><img alt=""View Post"" class=""inlineimg"" src=""http://personalitycafe.com/images/styles/PersonalityCafe/buttons/viewpost-right.png"" title=""View Post""/></a> </div> <div class=""message""><a href=""http://www.youtube.com/watch?v=RjwVwASlVn4"" rel=""nofollow"" target=""_blank"">YouTube - So What - Jonh Coltrane and Miles Davis</a></div> </div> </div> </div> <br/>
I like this song.  I have a Miles Davis cd in the rack.  He's so talented."
3,5234,kiwigrl, ENFJ," <iframe class=""restrain"" frameborder=""0"" height=""390"" id=""yui-gen63"" src=""//www.youtube.com/embed/u2T7wKdQsTo?wmode=opaque"" title=""YouTube video player"" width=""640""></iframe> <br/> <br/>
This was playing in the supermarket, I just love that 80s sound, such a cool song.<br/> <br/> <br/> <iframe class=""restrain"" frameborder=""0"" height=""390"" id=""yui-gen64"" src=""//www.youtube.com/embed/-JrsPR81Bv4?wmode=opaque"" title=""YouTube video player"" width=""640""></iframe> <br/> <br/>
This song by a couple of kiwi guys used to be my ringtone a year or so ago.  I just like it."
4,5235,heartturnedtoporcelain, INFP - The Idealists," <iframe class=""restrain"" frameborder=""0"" height=""390"" id=""yui-gen65"" src=""//www.youtube.com/embed/cpQccQy5fnw?wmode=opaque"" title=""YouTube video player"" width=""640""></iframe> <br/> <br/>
Yay! She's as pale as I am - ie freakishly pale"
5,5236,kiwigrl, ENFJ," <div class=""bbcode_container""> <div class=""bbcode_quote""> <div class=""quote_container""> <div class=""bbcode_quote_container""></div> <div class=""bbcode_postedby""> <img alt=""Quote"" src=""http://personalitycafe.com/images/styles/PersonalityCafe/misc/quote_icon.png"" title=""Quote""/> Originally Posted by <strong>heartturnedtoporcelain</strong> <a href=""http://personalitycafe.com/book-music-movie-reviews/208-what-song-you-listening-now-post484416.html#post484416"" rel=""nofollow""><img alt=""View Post"" class=""inlineimg"" src=""http://personalitycafe.com/images/styles/PersonalityCafe/buttons/viewpost-right.png"" title=""View Post""/></a> </div> <div class=""message""><br/>
Yay! She's as pale as I am - ie freakishly pale</div> </div> </div> </div> maybe you should move to Forks then you'd blend right in. <img alt="""" border=""0"" class=""inlineimg"" src=""http://personalitycafe.com/images/smilies/1/wink.gif"" title=""Wink""/>"
6,5237,porlockvisitor, INFP - The Idealists," <iframe class=""restrain"" frameborder=""0"" height=""390"" id=""yui-gen66"" src=""//www.youtube.com/embed/IXdNnw99-Ic?wmode=opaque"" title=""YouTube video player"" width=""640""></iframe> "
7,5238,socrates, INTP - The Thinkers," <iframe class=""restrain"" frameborder=""0"" height=""390"" id=""yui-gen67"" src=""//www.youtube.com/embed/Qyt0tAwDAPc?wmode=opaque"" title=""YouTube video player"" width=""640""></iframe> "
8,5239,idane, ISFP - The Artists," <iframe class=""restrain"" frameborder=""0"" height=""390"" id=""yui-gen68"" src=""//www.youtube.com/embed/D83hEzgxQTQ?wmode=opaque"" title=""YouTube video player"" width=""640""></iframe> "
9,5240,crazypenguin26, INFP - The Idealists," <div class=""bbcode_container""> <div class=""bbcode_quote""> <div class=""quote_container""> <div class=""bbcode_quote_container""></div> <div class=""bbcode_postedby""> <img alt=""Quote"" src=""http://personalitycafe.com/images/styles/PersonalityCafe/misc/quote_icon.png"" title=""Quote""/> Originally Posted by <strong>kiwigrl</strong> <a href=""http://personalitycafe.com/book-music-movie-reviews/208-what-song-you-listening-now-post484350.html#post484350"" rel=""nofollow""><img alt=""View Post"" class=""inlineimg"" src=""http://personalitycafe.com/images/styles/PersonalityCafe/buttons/viewpost-right.png"" title=""View Post""/></a> </div> <div class=""message"">I like this song.  I have a Miles Davis cd in the rack.  He's so talented.</div> </div> </div> </div> I just bought his Kind Of Blue album the other day. He is so amazing."
10,5241,thalassa, ISFP - The Artists," <iframe class=""restrain"" frameborder=""0"" height=""390"" id=""yui-gen0"" src=""//www.youtube.com/embed/lppPiUyIyt8?wmode=opaque"" title=""YouTube video player"" width=""640""></iframe> "
11,5242,infjgirlie, INFJ - The Protectors,"<span style=""font-family: Arial""><font size=""3"">Dinah Washingtion - What A Difference A Day Makes<br/> <br/> </font></span> <span style=""font-family: Arial""><font size=""3"">I love the old school female singers, they have some much depth and soul, they have lived.<br/> </font></span>"
12,5243,infjgirlie, INFJ - The Protectors," <div class=""bbcode_container""> <div class=""bbcode_quote""> <div class=""quote_container""> <div class=""bbcode_quote_container""></div> <div class=""bbcode_postedby""> <img alt=""Quote"" src=""http://personalitycafe.com/images/styles/PersonalityCafe/misc/quote_icon.png"" title=""Quote""/> Originally Posted by <strong>Linus</strong> <a href=""http://personalitycafe.com/book-music-movie-reviews/208-what-song-you-listening-now-post484341.html#post484341"" rel=""nofollow""><img alt=""View Post"" class=""inlineimg"" src=""http://personalitycafe.com/images/styles/PersonalityCafe/buttons/viewpost-right.png"" title=""View Post""/></a> </div> <div class=""message"">Yea I was surprised how mature his voice is..</div> </div> </div> </div> Yeah and the depth of the music he writes. Paolo Nutini is amazing."
13,5244,decon, INFJ - The Protectors," <iframe class=""restrain"" frameborder=""0"" height=""390"" id=""yui-gen1"" src=""//www.youtube.com/embed/Jf6bMhYWNtg?wmode=opaque"" title=""YouTube video player"" width=""640""></iframe> "
14,5245,infjgirlie, INFJ - The Protectors,"Dinah Washington - Bitter Earth  <br/> <br/>
This song is so beautiful, it's one of my favorites."
15,5246,miraji, INFP - The Idealists," <iframe class=""restrain"" frameborder=""0"" height=""390"" id=""yui-gen2"" src=""//www.youtube.com/embed/CfuhiVXyExk?wmode=opaque"" title=""YouTube video player"" width=""640""></iframe> "
16,5247,porlockvisitor, INFP - The Idealists,"What you feel is what you are, and what you are is beautiful.<br/> <br/> <iframe class=""restrain"" frameborder=""0"" height=""390"" id=""yui-gen3"" src=""//www.youtube.com/embed/yP4qdefD2To?wmode=opaque"" title=""YouTube video player"" width=""640""></iframe> "
17,5248,skycloud86, INTP," <iframe class=""restrain"" frameborder=""0"" height=""390"" id=""yui-gen4"" src=""//www.youtube.com/embed/nY33BLwZQjQ?wmode=opaque"" title=""YouTube video player"" width=""640""></iframe> "
18,5249,porlockvisitor, INFP - The Idealists," <div class=""bbcode_container""> <div class=""bbcode_quote""> <div class=""quote_container""> <div class=""bbcode_quote_container""></div> <div class=""bbcode_postedby""> <img alt=""Quote"" src=""http://personalitycafe.com/images/styles/PersonalityCafe/misc/quote_icon.png"" title=""Quote""/> Originally Posted by <strong>skycloud86</strong> <a href=""http://personalitycafe.com/book-music-movie-reviews/208-what-song-you-listening-now-post485630.html#post485630"" rel=""nofollow""><img alt=""View Post"" class=""inlineimg"" src=""http://personalitycafe.com/images/styles/PersonalityCafe/buttons/viewpost-right.png"" title=""View Post""/></a> </div> <div class=""message""><a href=""http://www.youtube.com/watch?v=nY33BLwZQjQ"" rel=""nofollow"" target=""_blank"">YouTube - Classical Techno - Vivaldi 2000 (club mix)</a></div> </div> </div> </div> I was just listening to Vivaldi's Four Seasons today. This is pretty neat."
19,5250,starri, ENFP - The Inspirers," <iframe class=""restrain"" frameborder=""0"" height=""390"" id=""yui-gen5"" src=""//www.youtube.com/embed/u4Dfv9hMnaw?wmode=opaque"" title=""YouTube video player"" width=""640""></iframe> "
20,5251,porlockvisitor, INFP - The Idealists," <iframe class=""restrain"" frameborder=""0"" height=""390"" id=""yui-gen0"" src=""//www.youtube.com/embed/bfqEisOIMJc?wmode=opaque"" title=""YouTube video player"" width=""640""></iframe> "
21,5252,vaka, Unknown,"I'm so unpredictable <img alt="""" border=""0"" class=""inlineimg"" src=""http://personalitycafe.com/images/smilies/1/happy.gif"" title=""Happy""/><br/>
But god damn...Regina Spektor's live performances are better than her recorded versions. That's the sign of a true artist...their emotion and power just make their live performances so much better! Of course, that's just my opinion <img alt="""" border=""0"" class=""inlineimg"" src=""http://personalitycafe.com/images/smilies/1/mellow.gif"" title=""Mellow""/><br/> <br/> <iframe class=""restrain"" frameborder=""0"" height=""390"" id=""yui-gen1"" src=""//www.youtube.com/embed/oEipEo0B0FA?wmode=opaque"" title=""YouTube video player"" width=""640""></iframe> "
22,5253,socrates, INTP - The Thinkers," <iframe class=""restrain"" frameborder=""0"" height=""390"" id=""yui-gen2"" src=""//www.youtube.com/embed/bdwYP8Cr5lQ?wmode=opaque"" title=""YouTube video player"" width=""640""></iframe> "
23,5254,skycloud86, INTP," <iframe class=""restrain"" frameborder=""0"" height=""390"" id=""yui-gen3"" src=""//www.youtube.com/embed/YSHdZZCrfPo?wmode=opaque"" title=""YouTube video player"" width=""640""></iframe> "
24,5255,kiwigrl, ENFJ," <iframe class=""restrain"" frameborder=""0"" height=""390"" id=""yui-gen4"" src=""//www.youtube.com/embed/IXiRuSIXbns?wmode=opaque"" title=""YouTube video player"" width=""640""></iframe> <br/> <br/>
allowing Norah to comfort me.  The song talks about a little girl who's all alone."
25,5256,l-empereur, INTJ - The Scientists," <iframe class=""restrain"" frameborder=""0"" height=""390"" id=""yui-gen5"" src=""//www.youtube.com/embed/bdKJnFCpv7k?wmode=opaque"" title=""YouTube video player"" width=""640""></iframe> "
26,5257,kiwigrl, ENFJ," <iframe class=""restrain"" frameborder=""0"" height=""390"" id=""yui-gen6"" src=""//www.youtube.com/embed/On_ZPiDEqkA?wmode=opaque"" title=""YouTube video player"" width=""640""></iframe> <br/> <br/>
This song just has a good beat.  It also makes me want her hair cut and style.  She looks fab as a brunette.  I would do that colour but with some caramel highlights thrown in."
27,5258,idane, ISFP - The Artists," <iframe class=""restrain"" frameborder=""0"" height=""390"" id=""yui-gen7"" src=""//www.youtube.com/embed/yftOy8kz7aE?wmode=opaque"" title=""YouTube video player"" width=""640""></iframe> "
28,5259,nightskygirl, INFJ - The Protectors," <iframe class=""restrain"" frameborder=""0"" height=""390"" id=""yui-gen8"" src=""//www.youtube.com/embed/SGBLiGFaddo?wmode=opaque"" title=""YouTube video player"" width=""640""></iframe> "
29,5260,macrosapien, Unknown," <iframe class=""restrain"" frameborder=""0"" height=""390"" id=""yui-gen9"" src=""//www.youtube.com/embed/1NvgLkuEtkA?wmode=opaque"" title=""YouTube video player"" width=""640""></iframe> "
30,5261,hiccups24-7, Unknown Personality,"George - breaking it slowly<br/> <br/>
..*shakes fist at youtube*<br/>
*tries to convince myself to make a video for this song*"
31,5262,socrates, INTP - The Thinkers,Let It Die - <b>Ozzy Osbourne</b>
32,5263,idane, ISFP - The Artists," <iframe class=""restrain"" frameborder=""0"" height=""390"" id=""yui-gen0"" src=""//www.youtube.com/embed/YSflDD9BSRM?wmode=opaque"" title=""YouTube video player"" width=""640""></iframe> "
33,5264,nightskygirl, INFJ - The Protectors," <iframe class=""restrain"" frameborder=""0"" height=""390"" id=""yui-gen1"" src=""//www.youtube.com/embed/EdBym7kv2IM?wmode=opaque"" title=""YouTube video player"" width=""640""></iframe> "
34,5265,nasmoe, INFP - The Idealists," <iframe class=""restrain"" frameborder=""0"" height=""390"" id=""yui-gen2"" src=""//www.youtube.com/embed/WaX6RlWKV38?wmode=opaque"" title=""YouTube video player"" width=""640""></iframe> "
35,5266,macrosapien, Unknown," <iframe class=""restrain"" frameborder=""0"" height=""390"" id=""yui-gen3"" src=""//www.youtube.com/embed/PgQ3j7Mv5a0?wmode=opaque"" title=""YouTube video player"" width=""640""></iframe> "
36,5267,vaka, Unknown,"Holy shit...<br/> <br/> <iframe class=""restrain"" frameborder=""0"" height=""390"" id=""yui-gen4"" src=""//www.youtube.com/embed/v8L3TCXsyX4?wmode=opaque"" title=""YouTube video player"" width=""640""></iframe> "
37,5268,skycloud86, INTP," <iframe class=""restrain"" frameborder=""0"" height=""390"" id=""yui-gen5"" src=""//www.youtube.com/embed/mpkUMl2Z4Vk?wmode=opaque"" title=""YouTube video player"" width=""640""></iframe> "
38,5269,socrates, INTP - The Thinkers,Deaf &amp; Dumbstruck (Intelligent Design) - <b>Napalm Death</b>
39,5270,nexus6, INTJ - The Scientists," <iframe class=""restrain"" frameborder=""0"" height=""390"" id=""yui-gen6"" src=""//www.youtube.com/embed/Up0-9f0LOR4?wmode=opaque"" title=""YouTube video player"" width=""640""></iframe> "
40,5271,skycloud86, INTP," <iframe class=""restrain"" frameborder=""0"" height=""390"" id=""yui-gen0"" src=""//www.youtube.com/embed/iSw7CcAXPWk?wmode=opaque"" title=""YouTube video player"" width=""640""></iframe> "
41,5272,socrates, INTP - The Thinkers,Cold World - <b>GZA</b>
42,5273,kiwigrl, ENFJ," <iframe class=""restrain"" frameborder=""0"" height=""390"" id=""yui-gen1"" src=""//www.youtube.com/embed/P5TNK-TvIcI?wmode=opaque"" title=""YouTube video player"" width=""640""></iframe> <br/>
which I absolutely love!<br/> <br/> <br/>
and earlier I was listening to:<br/> <br/> <iframe class=""restrain"" frameborder=""0"" height=""390"" id=""yui-gen2"" src=""//www.youtube.com/embed/OmAsvDMbYb0?wmode=opaque"" title=""YouTube video player"" width=""640""></iframe> <br/> <br/>
which made me feel like dancing (which doesn't show the whole song doh!)"
43,5274,socrates, INTP - The Thinkers," <iframe class=""restrain"" frameborder=""0"" height=""390"" id=""yui-gen3"" src=""//www.youtube.com/embed/4kSvN1dQjxc?wmode=opaque"" title=""YouTube video player"" width=""640""></iframe> "
44,5275,idane, ISFP - The Artists," <iframe class=""restrain"" frameborder=""0"" height=""390"" id=""yui-gen4"" src=""//www.youtube.com/embed/gVAnlke_xUY?wmode=opaque"" title=""YouTube video player"" width=""640""></iframe> "
45,5276,socrates, INTP - The Thinkers,The Conjuring - <b>Megadeth</b>
46,5277,poppypeedonmysofa, INFP - The Idealists," <iframe class=""restrain"" frameborder=""0"" height=""390"" id=""yui-gen5"" src=""//www.youtube.com/embed/ZQPvgHEMCFs?wmode=opaque"" title=""YouTube video player"" width=""640""></iframe> "
47,5278,briannaharleyyy, ESFP - The Performers,i'm listening to girl is on my mind by the black keys. theyre the greatest.
48,5279,socrates, INTP - The Thinkers,Wewhocannotbenamed - <b>Black Breath</b>
49,5280,poppypeedonmysofa, INFP - The Idealists," <iframe class=""restrain"" frameborder=""0"" height=""390"" id=""yui-gen6"" src=""//www.youtube.com/embed/otKVKmbytRw?wmode=opaque"" title=""YouTube video player"" width=""640""></iframe> "
50,5281,socrates, INTP - The Thinkers,This Day We Fight! - <b>Megadeth</b>
51,5282,wanory, ISTP - The Mechanics," <iframe class=""restrain"" frameborder=""0"" height=""390"" id=""yui-gen0"" src=""//www.youtube.com/embed/PfycSxo0E2U?wmode=opaque"" title=""YouTube video player"" width=""640""></iframe> "
52,5283,socrates, INTP - The Thinkers,The Right to Go Insane - <b>Megadeth</b>
53,5284,hiccups24-7, Unknown Personality," <iframe class=""restrain"" frameborder=""0"" height=""390"" id=""yui-gen1"" src=""//www.youtube.com/embed/jdSiIVwyhz4?wmode=opaque"" title=""YouTube video player"" width=""640""></iframe> "
54,5285,spg565, ISTP - The Mechanics," <iframe class=""restrain"" frameborder=""0"" height=""390"" id=""yui-gen2"" src=""//www.youtube.com/embed/fhiO8rT_LnA?wmode=opaque"" title=""YouTube video player"" width=""640""></iframe> "
55,5286,veritas, INTP - The Thinkers,Invisible-James LaBrie
56,5287,skycloud86, INTP," <iframe class=""restrain"" frameborder=""0"" height=""390"" id=""yui-gen3"" src=""//www.youtube.com/embed/RCq-x5RHsJA?wmode=opaque"" title=""YouTube video player"" width=""640""></iframe> "
57,5288,socrates, INTP - The Thinkers,Strays - <b>Jane's Addiction</b>
58,5289,kiwigrl, ENFJ,"Never watched the movie it was from but I liked the sound of this song.<br/> <br/> <iframe class=""restrain"" frameborder=""0"" height=""390"" id=""yui-gen4"" src=""//www.youtube.com/embed/V-vzjZenAQM?wmode=opaque"" title=""YouTube video player"" width=""640""></iframe> "
59,5290,socrates, INTP - The Thinkers,Hazy Jane II – <b>Nick Drake</b>
60,5291,coccinellidae, Unknown Personality," <iframe class=""restrain"" frameborder=""0"" height=""390"" id=""yui-gen0"" src=""//www.youtube.com/embed/V2AGvj2cdlY?wmode=opaque"" title=""YouTube video player"" width=""640""></iframe> "
61,5292,socrates, INTP - The Thinkers,"Paralized, Mesmerized – <b>Coroner</b>"
62,5293,thefistofreality, ESTP - The Doers," <iframe class=""restrain"" frameborder=""0"" height=""390"" id=""yui-gen1"" src=""//www.youtube.com/embed/AS5-lXv_xUc?wmode=opaque"" title=""YouTube video player"" width=""640""></iframe> <br/> <br/> <i>well don't stop calling, you're the reason i love loosing sleep...</i>"
63,5294,nasmoe, INFP - The Idealists," <iframe class=""restrain"" frameborder=""0"" height=""390"" id=""yui-gen2"" src=""//www.youtube.com/embed/E_v468ptuXw?wmode=opaque"" title=""YouTube video player"" width=""640""></iframe> "
64,5295,kiwigrl, ENFJ," <iframe class=""restrain"" frameborder=""0"" height=""390"" id=""yui-gen3"" src=""//www.youtube.com/embed/n5N9jdIaNi0?wmode=opaque"" title=""YouTube video player"" width=""640""></iframe> <br/> <br/> <br/> <iframe class=""restrain"" frameborder=""0"" height=""390"" id=""yui-gen4"" src=""//www.youtube.com/embed/df-eLzao63I?wmode=opaque"" title=""YouTube video player"" width=""640""></iframe> <br/> <br/> <br/> <iframe class=""restrain"" frameborder=""0"" height=""390"" id=""yui-gen5"" src=""//www.youtube.com/embed/Zi8vJ_lMxQI?wmode=opaque"" title=""YouTube video player"" width=""640""></iframe> "
65,5296,nasmoe, INFP - The Idealists," <iframe class=""restrain"" frameborder=""0"" height=""390"" id=""yui-gen6"" src=""//www.youtube.com/embed/fwjXgskUN50?wmode=opaque"" title=""YouTube video player"" width=""640""></iframe> "
66,5297,poppypeedonmysofa, INFP - The Idealists," <iframe class=""restrain"" frameborder=""0"" height=""390"" id=""yui-gen7"" src=""//www.youtube.com/embed/rhSU086M5IY?wmode=opaque"" title=""YouTube video player"" width=""640""></iframe> "
67,5298,thefistofreality, ESTP - The Doers," <iframe class=""restrain"" frameborder=""0"" height=""390"" id=""yui-gen8"" src=""//www.youtube.com/embed/wSzyKO_kW_s?wmode=opaque"" title=""YouTube video player"" width=""640""></iframe> "
68,5299,heartturnedtoporcelain, INFP - The Idealists," <iframe class=""restrain"" frameborder=""0"" height=""390"" id=""yui-gen9"" src=""//www.youtube.com/embed/A_U6iSAn_fY?wmode=opaque"" title=""YouTube video player"" width=""640""></iframe> "
69,5300,skycloud86, INTP," <iframe class=""restrain"" frameborder=""0"" height=""390"" id=""yui-gen10"" src=""//www.youtube.com/embed/zW4K_7inTfE?wmode=opaque"" title=""YouTube video player"" width=""640""></iframe> "
70,5301,idane, ISFP - The Artists," <iframe class=""restrain"" frameborder=""0"" height=""390"" id=""yui-gen0"" src=""//www.youtube.com/embed/DBxRp3pqwgo?wmode=opaque"" title=""YouTube video player"" width=""640""></iframe> "
71,5302,decon, INFJ - The Protectors," <iframe class=""restrain"" frameborder=""0"" height=""390"" id=""yui-gen1"" src=""//www.youtube.com/embed/VD9Yk0PiarM?wmode=opaque"" title=""YouTube video player"" width=""640""></iframe> "
72,5303,steve-md, ENFP - The Inspirers," <iframe class=""restrain"" frameborder=""0"" height=""390"" id=""yui-gen2"" src=""//www.youtube.com/embed/wZtkv-GIElA?wmode=opaque"" title=""YouTube video player"" width=""640""></iframe> "
73,5304,hiccups24-7, Unknown Personality,"<font size=""3""><b>Mirah - generosity</b></font>"
74,5305,nasmoe, INFP - The Idealists," <iframe class=""restrain"" frameborder=""0"" height=""390"" id=""yui-gen3"" src=""//www.youtube.com/embed/RFQeQ2EvFxs?wmode=opaque"" title=""YouTube video player"" width=""640""></iframe> "
75,5306,enkidu, INFJ," <iframe class=""restrain"" frameborder=""0"" height=""390"" id=""yui-gen4"" src=""//www.youtube.com/embed/67mJ91RdwfY?wmode=opaque"" title=""YouTube video player"" width=""640""></iframe> "
76,5307,steve-md, ENFP - The Inspirers," <iframe class=""restrain"" frameborder=""0"" height=""390"" id=""yui-gen5"" src=""//www.youtube.com/embed/Z0xfWCDLoCU?wmode=opaque"" title=""YouTube video player"" width=""640""></iframe> "
77,5308,porlockvisitor, INFP - The Idealists,"Ella Fitzgerald - It's Only Paper Moon<br/> <br/> <iframe class=""restrain"" frameborder=""0"" height=""390"" id=""yui-gen6"" src=""//www.youtube.com/embed/vK1WuJ_2EvI?wmode=opaque"" title=""YouTube video player"" width=""640""></iframe> "
78,5309,porlockvisitor, INFP - The Idealists,"I wish I understood Portuguese, Tropicalia is awesome.<br/> <br/> <iframe class=""restrain"" frameborder=""0"" height=""390"" id=""yui-gen7"" src=""//www.youtube.com/embed/5ohTi8lbeok?wmode=opaque"" title=""YouTube video player"" width=""640""></iframe> "
79,5310,insanity48amylee, ISFP - The Artists,I'm listening to Chic'n'Stu- System of a Down Yeah I'm a weirdo.
80,5311,poppypeedonmysofa, INFP - The Idealists," <iframe class=""restrain"" frameborder=""0"" height=""390"" id=""yui-gen0"" src=""//www.youtube.com/embed/u-S5M9oD2wc?wmode=opaque"" title=""YouTube video player"" width=""640""></iframe> "
81,5312,heartturnedtoporcelain, INFP - The Idealists," <iframe class=""restrain"" frameborder=""0"" height=""390"" id=""yui-gen1"" src=""//www.youtube.com/embed/3fhur6g8_BM?wmode=opaque"" title=""YouTube video player"" width=""640""></iframe> <br/> <br/>
I heart her so much. I have to stop myself from only posting her videos.<br/> <br/>
This song reminds me a lot of my fellow INFPs but I bet everyone can relate to it."
82,5313,veritas, INTP - The Thinkers,"The bass line in this song is completely SICK.<br/> <br/> <iframe class=""restrain"" frameborder=""0"" height=""390"" id=""yui-gen2"" src=""//www.youtube.com/embed/Cjvtx3HMUks?wmode=opaque"" title=""YouTube video player"" width=""640""></iframe> "
83,5314,sprinkles, Unknown Personality,"<a href=""http://www.youtube.com/watch?v=HckNCWjKUN0"" rel=""nofollow"" target=""_blank"">YouTube - ?VOCALOID????? Hatsune Miku?Sky Burial?</a>"
84,5315,mutatio-nomenis, INTP - The Thinkers,"<a href=""http://www.youtube.com/watch?v=4G6QDNC4jPs"" rel=""nofollow"" target=""_blank"">YouTube - Cascada - Everytime We Touch</a>"
85,5316,socrates, INTP - The Thinkers,Don't Burn the Witch - <b>Oi Polloi</b>
86,5317,thefistofreality, ESTP - The Doers,"<a href=""http://www.youtube.com/watch?v=f6XK7G__iSM"" rel=""nofollow"" target=""_blank"">YouTube - A Day To Remember-Monument (music and lyrics)</a>"
87,5318,hiccups24-7, Unknown Personality,"<a href=""http://www.youtube.com/watch?v=7qG_s1dhcPU"" rel=""nofollow"" target=""_blank"">YouTube - Airiel - Sugar Crystals</a>"
88,5319,steve-md, ENFP - The Inspirers,"<a href=""http://www.youtube.com/watch?v=mAXGON5P3Vk"" rel=""nofollow"" target=""_blank"">YouTube - Coldplay - Brothers and Sisters</a>"
89,5320,vaka, Unknown,"<a href=""http://www.youtube.com/watch?v=eRfBqoGVFXc"" rel=""nofollow"" target=""_blank"">YouTube - Fleet Foxes - Tiger Mountain Peasant Song (only sound)</a>"
90,5321,thefistofreality, ESTP - The Doers,"<a href=""http://www.youtube.com/watch?v=iqjWodek8ZM"" rel=""nofollow"" target=""_blank"">YouTube - Imogen Heap - Goodnight and Go</a>"
91,5322,fauxxskittles, INFJ - The Protectors,"<a href=""http://www.youtube.com/watch?v=fn-Rp2InGdA"" rel=""nofollow"" target=""_blank"">YouTube - 40 Day Dream by Edward Sharpe and the Magnetic Zeros</a>"
92,5323,socrates, INTP - The Thinkers,Dead Shall Rise '06 - <b>Terrorizer</b>
93,5324,hanniballecter, INTJ - The Scientists,"<a href=""http://www.youtube.com/watch?v=HwjYPNPQL4k"" rel=""nofollow"" target=""_blank"">YouTube - Data - Carolina in the morning</a>"
94,5325,doctorjetsam, INFP - The Idealists,"Stop Crying Your Heart Out- the Leona Lewis cover, I'm afraid. :\"
95,5326,nasmoe, INFP - The Idealists,"<a href=""http://www.youtube.com/watch?v=ArQCkbP07Ao"" rel=""nofollow"" target=""_blank"">YouTube - Thieves Like Us - Drugs In My Body</a>"
96,5327,veritas, INTP - The Thinkers,"Great tune. Even better cover.<br/> <br/> <a href=""http://www.youtube.com/watch?v=obx78oP0bO0"" rel=""nofollow"" target=""_blank"">YouTube - Dokken - One</a>"
97,5328,handiace, Unknown Personality,"Ritual Dance cover by Kaki King<br/> <br/> <a href=""http://www.youtube.com/watch?v=MD9NnK9GbjI"" rel=""nofollow"" target=""_blank"">YouTube - Ritual Dance - August Rush</a>"
98,5329,poppypeedonmysofa, INFP - The Idealists,"<a href=""http://www.youtube.com/watch?v=wQYaCh3Uxqw"" rel=""nofollow"" target=""_blank"">YouTube - Framing Hanley - The Promise</a>"
99,5330,midnight-runner, Unknown Personality,"<a href=""http://www.youtube.com/watch?v=KGultrg7l0I"" rel=""nofollow"" target=""_blank"">YouTube - Shiny Toy Guns - Major Tom OFFICIAL MUSIC VIDEO Lincoln MKZ Car Commercial song</a>"
100,5331,wanory, ISTP - The Mechanics,"One of my favorite songs that pretty much describes my taste in music.<br/> <br/> <a href=""http://www.youtube.com/watch?v=YJ09asJ5474"" rel=""nofollow"" target=""_blank"">YouTube - POISONBLACK - Rush (OFFICIAL VIDEO)</a>"
101,5332,hiccups24-7, Unknown Personality," <div class=""bbcode_container""> <div class=""bbcode_quote""> <div class=""quote_container""> <div class=""bbcode_quote_container""></div> <div class=""bbcode_postedby""> <img alt=""Quote"" src=""http://personalitycafe.com/images/styles/PersonalityCafe/misc/quote_icon.png"" title=""Quote""/> Originally Posted by <strong>Nasmoe</strong> <a href=""http://personalitycafe.com/book-music-movie-reviews/208-what-song-you-listening-now-post497949.html#post497949"" rel=""nofollow""><img alt=""View Post"" class=""inlineimg"" src=""http://personalitycafe.com/images/styles/PersonalityCafe/buttons/viewpost-right.png"" title=""View Post""/></a> </div> <div class=""message""><a href=""http://www.youtube.com/watch?v=ArQCkbP07Ao"" rel=""nofollow"" target=""_blank"">YouTube - Thieves Like Us - Drugs In My Body</a></div> </div> </div> </div> lol... Christine F wow ...they could of made the clip less repetitive especially towards the end, there are some awesome clips in that movie!!! lol ...uummmmmm anyway.<br/> <br/>
I had some amazing dreams last night and towards the end before I woke up my subconscious made some music requests DAMN! my SC has great taste!!! I really enjoyed the two albums that were picked.<br/> <b>Tripping Daisy - I am an elastic firecracker</b> and <b>Sparta - threes</b>.. wow! Anyway I had a really good idea for a music video clip for one of the Tripping Daisy songs.. possibly my best for awhile which means I <i>must</i> do it! mmmmm effort."
102,5333,nightskygirl, INFJ - The Protectors,"<a href=""http://www.youtube.com/watch?v=FB16b_7MPqU"" rel=""nofollow"" target=""_blank"">YouTube - Fly Me To The Moon - Ending Neon Genesis Evangelion</a>"
103,5334,poppypeedonmysofa, INFP - The Idealists,"<a href=""http://www.youtube.com/watch?v=03cR1tAFSmQ"" rel=""nofollow"" target=""_blank"">YouTube - Staind - Zoe Jane</a>"
104,5335,steve-md, ENFP - The Inspirers,"<a href=""http://www.youtube.com/watch?v=vGaNufCuvOs"" rel=""nofollow"" target=""_blank"">YouTube - Square One-Coldplay</a>"
105,5336,runtelldat, ESFP - The Performers,Wocka Flocka- Oh lets dooo it!
106,5337,steve-md, ENFP - The Inspirers,"<a href=""http://www.youtube.com/watch?v=NQdC7h609k8"" rel=""nofollow"" target=""_blank"">YouTube - La Roux - Bulletproof</a>"
107,5338,thefistofreality, ESTP - The Doers,"<a href=""http://www.youtube.com/watch?v=8xFrIH_XlYQ"" rel=""nofollow"" target=""_blank"">YouTube - Meg And Dia - Cardigan Weather</a>"
108,5339,kiwigrl, ENFJ,"<a href=""http://www.youtube.com/watch?v=19KstSgU-c0"" rel=""nofollow"" target=""_blank"">YouTube - U2 - Elevation</a><br/> <br/>
gotta love U2."
109,5340,nasmoe, INFP - The Idealists,"I seriously love this song:<br/> <a href=""http://www.youtube.com/watch?v=HGrYWnAIVbc&amp;feature=related"" rel=""nofollow"" target=""_blank"">YouTube - Mark Gormley - Little Wings (Malfatti Remix)</a>"
110,5341,kiwigrl, ENFJ,"<a href=""http://www.youtube.com/watch?v=S2Cti12XBw4"" rel=""nofollow"" target=""_blank"">YouTube - Maroon 5 - Sunday Morning</a>"
111,5342,skycloud86, INTP,"<a href=""http://www.youtube.com/watch?v=SAJvFX7_GxU"" rel=""nofollow"" target=""_blank"">YouTube - Manic Street Preachers - Natwest-Barclays-Midlands-Lloyds (With Lyrics)</a>"
112,5343,molock, INTJ - The Scientists,"<a href=""http://www.youtube.com/watch?v=ZT1m9EY6Vrc"" rel=""nofollow"" target=""_blank"">YouTube - Chimaira - The Flame (((POUND YOU INTO OBLIVION)))</a>"
113,5344,danse-macabre, ENTP,"<a href=""http://www.youtube.com/watch?v=EtNig56y98U"" rel=""nofollow"" target=""_blank"">Dead Is The New Alive</a>"
114,5345,steve-md, ENFP - The Inspirers,"<a href=""http://www.youtube.com/watch?v=_N9rH2x5KUw"" rel=""nofollow"" target=""_blank"">YouTube - Coldplay - Talk</a>"
115,5346,entelechy, Unknown Personality,"<a href=""http://www.youtube.com/watch?v=CCp_3zw-CxA"" rel=""nofollow"" target=""_blank"">http://www.youtube.com/watch?v=ryB9N0_Scq0</a>"
116,5347,hiccups24-7, Unknown Personality,"<a href=""http://www.youtube.com/watch?v=8J2O6SAOmxw"" rel=""nofollow"" target=""_blank"">YouTube - SLOWDIVE WHEN THE SUN HITS</a>"
117,5348,l-empereur, INTJ - The Scientists,"<a href=""http://www.youtube.com/watch?v=XP_eHGYzYtc"" rel=""nofollow"" target=""_blank"">YouTube - Jeff Buckley - Calling you</a>"
118,5349,steve-md, ENFP - The Inspirers,"<a href=""http://www.youtube.com/watch?v=eB7T3lJ3dZ4"" rel=""nofollow"" target=""_blank"">YouTube - Lady Antebellum - Need You Now</a>"
119,5350,ben, INTP - The Thinkers," <iframe class=""restrain"" frameborder=""0"" height=""390"" id=""yui-gen0"" src=""//www.youtube.com/embed/wtTb2DZwR4c?wmode=opaque"" title=""YouTube video player"" width=""640""></iframe> "
120,5351,idane, ISFP - The Artists," <iframe class=""restrain"" frameborder=""0"" height=""390"" id=""yui-gen0"" src=""//www.youtube.com/embed/kJfbiPcpejM?wmode=opaque"" title=""YouTube video player"" width=""640""></iframe> "
121,5352,nightskygirl, INFJ - The Protectors," <iframe class=""restrain"" frameborder=""0"" height=""390"" id=""yui-gen1"" src=""//www.youtube.com/embed/eUZFp-y0J5s?wmode=opaque"" title=""YouTube video player"" width=""640""></iframe> "
122,5353,reddeath9, INTP - The Thinkers," <iframe class=""restrain"" frameborder=""0"" height=""390"" id=""yui-gen2"" src=""//www.youtube.com/embed/TYTt0-LpLbE?wmode=opaque"" title=""YouTube video player"" width=""640""></iframe> <br/> <br/>
It's...<br/> <br/>
It's so beautiful..."
123,5354,hiccups24-7, Unknown Personality," <iframe class=""restrain"" frameborder=""0"" height=""390"" id=""yui-gen3"" src=""//www.youtube.com/embed/MLuwaNOU2rI?wmode=opaque"" title=""YouTube video player"" width=""640""></iframe> "
124,5355,steve-md, ENFP - The Inspirers," <iframe class=""restrain"" frameborder=""0"" height=""390"" id=""yui-gen4"" src=""//www.youtube.com/embed/uAsV5-Hv-7U?wmode=opaque"" title=""YouTube video player"" width=""640""></iframe> "
125,5356,nightskygirl, INFJ - The Protectors," <iframe class=""restrain"" frameborder=""0"" height=""390"" id=""yui-gen5"" src=""//www.youtube.com/embed/HOLz2R2EtPg?wmode=opaque"" title=""YouTube video player"" width=""640""></iframe> "
126,5357,poppypeedonmysofa, INFP - The Idealists," <iframe class=""restrain"" frameborder=""0"" height=""390"" id=""yui-gen6"" src=""//www.youtube.com/embed/2kCBdEGDFN0?wmode=opaque"" title=""YouTube video player"" width=""640""></iframe> "
127,5358,nasmoe, INFP - The Idealists," <iframe class=""restrain"" frameborder=""0"" height=""390"" id=""yui-gen7"" src=""//www.youtube.com/embed/MCFrZMwfNFY?wmode=opaque"" title=""YouTube video player"" width=""640""></iframe> "
128,5359,sprinkles, Unknown Personality," <iframe class=""restrain"" frameborder=""0"" height=""390"" id=""yui-gen8"" src=""//www.youtube.com/embed/ghmiiVbTfh0?wmode=opaque"" title=""YouTube video player"" width=""640""></iframe> "
129,5360,heartturnedtoporcelain, INFP - The Idealists," <iframe class=""restrain"" frameborder=""0"" height=""390"" id=""yui-gen9"" src=""//www.youtube.com/embed/PHbtR8uO81M?wmode=opaque"" title=""YouTube video player"" width=""640""></iframe> "
130,5361,spg565, ISTP - The Mechanics," <iframe class=""restrain"" frameborder=""0"" height=""390"" id=""yui-gen0"" src=""//www.youtube.com/embed/vAxzr9BdnkA?wmode=opaque"" title=""YouTube video player"" width=""640""></iframe> "
131,5362,steve-md, ENFP - The Inspirers," <iframe class=""restrain"" frameborder=""0"" height=""390"" id=""yui-gen1"" src=""//www.youtube.com/embed/mzxoLZXF9SI?wmode=opaque"" title=""YouTube video player"" width=""640""></iframe> "
132,5363,nightskygirl, INFJ - The Protectors,"I love this song.<br/> <br/> <iframe class=""restrain"" frameborder=""0"" height=""390"" id=""yui-gen2"" src=""//www.youtube.com/embed/QTtee6c7-gw?wmode=opaque"" title=""YouTube video player"" width=""640""></iframe> "
133,5364,nightskygirl, INFJ - The Protectors,"Another of my favorites. &lt;3<br/> <br/> <iframe class=""restrain"" frameborder=""0"" height=""390"" id=""yui-gen3"" src=""//www.youtube.com/embed/sCUwkPXES3Q?wmode=opaque"" title=""YouTube video player"" width=""640""></iframe> "
134,5365,thefistofreality, ESTP - The Doers,"I love this song and I'm going to be listening to salsa all day.<br/> <br/> <iframe class=""restrain"" frameborder=""0"" height=""390"" id=""yui-gen4"" src=""//www.youtube.com/embed/M85l1qW8x18?wmode=opaque"" title=""YouTube video player"" width=""640""></iframe> "
135,5366,hiccups24-7, Unknown Personality,"One of my all time fav bands that I just made a video for.....just..because...ok I was inspired by someones post here to do so and actually did it <img alt="""" border=""0"" class=""inlineimg"" src=""http://personalitycafe.com/images/smilies/1/shocked.gif"" title=""Shocked""/><img alt="""" border=""0"" class=""inlineimg"" src=""http://personalitycafe.com/images/smilies/1/shocked.gif"" title=""Shocked""/><br/> <br/> <iframe class=""restrain"" frameborder=""0"" height=""390"" id=""yui-gen5"" src=""//www.youtube.com/embed/Gblq0_TnDXs?wmode=opaque"" title=""YouTube video player"" width=""640""></iframe> "
136,5367,pinkrasputin, ENFP," <iframe class=""restrain"" frameborder=""0"" height=""390"" id=""yui-gen6"" src=""//www.youtube.com/embed/tTRO3cSFUcE?wmode=opaque"" title=""YouTube video player"" width=""640""></iframe> "
137,5368,lpg, INTJ - The Scientists," <iframe class=""restrain"" frameborder=""0"" height=""390"" id=""yui-gen7"" src=""//www.youtube.com/embed/7PjNvzERcyI?wmode=opaque"" title=""YouTube video player"" width=""640""></iframe> "
138,5369,fine-site, Unknown Personality," <iframe class=""restrain"" frameborder=""0"" height=""390"" id=""yui-gen8"" src=""//www.youtube.com/embed/UUXBCdt5IPg?wmode=opaque"" title=""YouTube video player"" width=""640""></iframe> "
139,5370,poppypeedonmysofa, INFP - The Idealists," <iframe class=""restrain"" frameborder=""0"" height=""390"" id=""yui-gen9"" src=""//www.youtube.com/embed/KAPSb3ewgxc?wmode=opaque"" title=""YouTube video player"" width=""640""></iframe> "
140,5371,heartturnedtoporcelain, INFP - The Idealists," <iframe class=""restrain"" frameborder=""0"" height=""390"" id=""yui-gen0"" src=""//www.youtube.com/embed/zN9x6zckn18?wmode=opaque"" title=""YouTube video player"" width=""640""></iframe> "
141,5372,nasmoe, INFP - The Idealists," <iframe class=""restrain"" frameborder=""0"" height=""390"" id=""yui-gen1"" src=""//www.youtube.com/embed/3Z_Ys3BO_4M?wmode=opaque"" title=""YouTube video player"" width=""640""></iframe> "
142,5373,poppypeedonmysofa, INFP - The Idealists," <iframe class=""restrain"" frameborder=""0"" height=""390"" id=""yui-gen2"" src=""//www.youtube.com/embed/sVNAp1C8LIw?wmode=opaque"" title=""YouTube video player"" width=""640""></iframe> "
143,5374,xplosive, INFJ - The Protectors,"<div style=""text-align: center;""><br/> </div> <br/> <iframe class=""restrain"" frameborder=""0"" height=""390"" id=""yui-gen3"" src=""//www.youtube.com/embed/Gdz3StIpErw?wmode=opaque"" title=""YouTube video player"" width=""640""></iframe> <br/> <br/> <div style=""text-align: center;""><a href=""https://www.amazon.com/dp/B000XO2RIG?tag=thest01-20&amp;camp=213381&amp;creative=390973&amp;linkCode=as4&amp;creativeASIN=B000XO2RIG&amp;adid=10VQ0Z42Z9QJP9DCXX5W&amp;"" rel=""nofollow"" target=""_blank"">Renegade - Jay-Z ft Eminem</a></div>"
144,5375,toxigenegoober, INTJ - The Scientists,Evanescence - Breathe No More (Live Version)
145,5376,poppypeedonmysofa, INFP - The Idealists," <iframe class=""restrain"" frameborder=""0"" height=""390"" id=""yui-gen4"" src=""//www.youtube.com/embed/KcdSWfWSqGE?wmode=opaque"" title=""YouTube video player"" width=""640""></iframe> "
146,5377,linus, INFJ - The Protectors,"<span style=""font-family: Lucida Console""><font size=""3""><font color=""DimGray""><font size=""2""><b>Katamari Damacy</b> </font>-<span style=""font-family: Franklin Gothic Medium""> <span style=""font-family: Lucida Sans Unicode""><font size=""2""><b>Lonely Rolling Star</b></font></span></span></font></font></span>"
147,5378,kiwigrl, ENFJ," <iframe class=""restrain"" frameborder=""0"" height=""390"" id=""yui-gen5"" src=""//www.youtube.com/embed/M60cl7bKCMw?wmode=opaque"" title=""YouTube video player"" width=""640""></iframe> "
148,5379,murderegina, INFJ - The Protectors," <iframe class=""restrain"" frameborder=""0"" height=""390"" id=""yui-gen6"" src=""//www.youtube.com/embed/2lkuXfkaea4?wmode=opaque"" title=""YouTube video player"" width=""640""></iframe> "
149,5380,nightskygirl, INFJ - The Protectors," <iframe class=""restrain"" frameborder=""0"" height=""390"" id=""yui-gen7"" src=""//www.youtube.com/embed/AGJ8dY_IcgE?wmode=opaque"" title=""YouTube video player"" width=""640""></iframe> "
150,5381,hiccups24-7, Unknown Personality," <iframe class=""restrain"" frameborder=""0"" height=""390"" id=""yui-gen0"" src=""//www.youtube.com/embed/WJli9bjv2YI?wmode=opaque"" title=""YouTube video player"" width=""640""></iframe> "
151,5382,steve-md, ENFP - The Inspirers," <iframe class=""restrain"" frameborder=""0"" height=""390"" id=""yui-gen1"" src=""//www.youtube.com/embed/LpwW4iraV3Q?wmode=opaque"" title=""YouTube video player"" width=""640""></iframe> "
152,5383,nightskygirl, INFJ - The Protectors," <iframe class=""restrain"" frameborder=""0"" height=""390"" id=""yui-gen2"" src=""//www.youtube.com/embed/6Ck6Hcg2cjk?wmode=opaque"" title=""YouTube video player"" width=""640""></iframe> "
153,5384,danse-macabre, ENTP," <iframe class=""restrain"" frameborder=""0"" height=""390"" id=""yui-gen3"" src=""//www.youtube.com/embed/VXa9tXcMhXQ?wmode=opaque"" title=""YouTube video player"" width=""640""></iframe> "
154,5385,midnight-rambler, ENTP - The Visionaries," <iframe class=""restrain"" frameborder=""0"" height=""390"" id=""yui-gen4"" src=""//www.youtube.com/embed/sCNI_kwiUFk?wmode=opaque"" title=""YouTube video player"" width=""640""></iframe> "
155,5386,hiccups24-7, Unknown Personality," <iframe class=""restrain"" frameborder=""0"" height=""390"" id=""yui-gen5"" src=""//www.youtube.com/embed/l60Pcw87bwQ?wmode=opaque"" title=""YouTube video player"" width=""640""></iframe> "
156,5387,nasmoe, INFP - The Idealists," <iframe class=""restrain"" frameborder=""0"" height=""390"" id=""yui-gen6"" src=""//www.youtube.com/embed/CJ-6vzIqsg4?wmode=opaque"" title=""YouTube video player"" width=""640""></iframe> "
157,5388,thefistofreality, ESTP - The Doers," <iframe class=""restrain"" frameborder=""0"" height=""390"" id=""yui-gen7"" src=""//www.youtube.com/embed/MB6ESvoBwxI?wmode=opaque"" title=""YouTube video player"" width=""640""></iframe> "
158,5389,chilln, INTP - The Thinkers," <iframe class=""restrain"" frameborder=""0"" height=""390"" id=""yui-gen8"" src=""//www.youtube.com/embed/IVEwemk-TRU?wmode=opaque"" title=""YouTube video player"" width=""640""></iframe> <br/> <br/>
As a commenter proclaims, a definite eargasm..."
159,5390,heartturnedtoporcelain, INFP - The Idealists," <iframe class=""restrain"" frameborder=""0"" height=""390"" id=""yui-gen9"" src=""//www.youtube.com/embed/j-rDyHSc0QU?wmode=opaque"" title=""YouTube video player"" width=""640""></iframe> "
160,5391,wanory, ISTP - The Mechanics," <iframe class=""restrain"" frameborder=""0"" height=""390"" id=""yui-gen0"" src=""//www.youtube.com/embed/iJ1VVh13WDY?wmode=opaque"" title=""YouTube video player"" width=""640""></iframe> "
161,5392,thefistofreality, ESTP - The Doers,"AMAZING<br/> <br/> <iframe class=""restrain"" frameborder=""0"" height=""390"" id=""yui-gen1"" src=""//www.youtube.com/embed/WVSEPirUPB4?wmode=opaque"" title=""YouTube video player"" width=""640""></iframe> "
162,5393,nightskygirl, INFJ - The Protectors," <iframe class=""restrain"" frameborder=""0"" height=""390"" id=""yui-gen2"" src=""//www.youtube.com/embed/eevGEfQd0fM?wmode=opaque"" title=""YouTube video player"" width=""640""></iframe> "
163,5394,nightskygirl, INFJ - The Protectors," <iframe class=""restrain"" frameborder=""0"" height=""390"" id=""yui-gen3"" src=""//www.youtube.com/embed/n3UfQx-dBa8?wmode=opaque"" title=""YouTube video player"" width=""640""></iframe> "
164,5395,handiace, Unknown Personality,"Thriller as Arranged by 20 year old Gareth Pearson<br/> <br/> <iframe class=""restrain"" frameborder=""0"" height=""390"" id=""yui-gen4"" src=""//www.youtube.com/embed/ginok11QPcs?wmode=opaque"" title=""YouTube video player"" width=""640""></iframe> "
165,5396,idane, ISFP - The Artists," <iframe class=""restrain"" frameborder=""0"" height=""390"" id=""yui-gen5"" src=""//www.youtube.com/embed/bjHACWmO0jQ?wmode=opaque"" title=""YouTube video player"" width=""640""></iframe> "
166,5397,steve-md, ENFP - The Inspirers," <iframe class=""restrain"" frameborder=""0"" height=""390"" id=""yui-gen6"" src=""//www.youtube.com/embed/QpZ3dVpE_pY?wmode=opaque"" title=""YouTube video player"" width=""640""></iframe> "
167,5398,nightskygirl, INFJ - The Protectors," <iframe class=""restrain"" frameborder=""0"" height=""390"" id=""yui-gen7"" src=""//www.youtube.com/embed/D6o3Ja4P3Wk?wmode=opaque"" title=""YouTube video player"" width=""640""></iframe> "
168,5399,aevis, ENFP - The Inspirers," <iframe class=""restrain"" frameborder=""0"" height=""390"" id=""yui-gen8"" src=""//www.youtube.com/embed/V8rZWw9HE7o?wmode=opaque"" title=""YouTube video player"" width=""640""></iframe> <br/> <br/>
Epic."
169,5400,hiccups24-7, Unknown Personality," <div class=""bbcode_container""> <div class=""bbcode_quote""> <div class=""quote_container""> <div class=""bbcode_quote_container""></div> <div class=""bbcode_postedby""> <img alt=""Quote"" src=""http://personalitycafe.com/images/styles/PersonalityCafe/misc/quote_icon.png"" title=""Quote""/> Originally Posted by <strong>Aevis</strong> <a href=""http://personalitycafe.com/book-music-movie-reviews/208-what-song-you-listening-now-post515919.html#post515919"" rel=""nofollow""><img alt=""View Post"" class=""inlineimg"" src=""http://personalitycafe.com/images/styles/PersonalityCafe/buttons/viewpost-right.png"" title=""View Post""/></a> </div> <div class=""message""><a href=""http://www.youtube.com/watch?v=V8rZWw9HE7o"" rel=""nofollow"" target=""_blank"">YouTube - Top Gun - Highway to the Dangerzone</a><br/> <br/>
Epic.</div> </div> </div> </div> This is a soundtrack that I keep stopping myself from reliving.. will I ruin the memory, will I cringe so much that I won't recover?? Will the sky fall?? etc ... I just don't know and it scares me.<br/> <br/>
oh yeah....<br/> <br/> <iframe class=""restrain"" frameborder=""0"" height=""390"" id=""yui-gen9"" src=""//www.youtube.com/embed/ODb_wJ6kkKo?wmode=opaque"" title=""YouTube video player"" width=""640""></iframe> "
170,5401,heartturnedtoporcelain, INFP - The Idealists,"<a href=""http://www.youtube.com/watch?v=RBPO9Kun_9A"" rel=""nofollow"" target=""_blank"">YouTube - Horse Feathers ""Curs in the Weeds""</a>"
171,5402,vaka, Unknown,"Heck yes!!!<br/> <br/> <a href=""http://www.youtube.com/watch?v=K3CHi_9sxj0"" rel=""nofollow"" target=""_blank"">YouTube - The Doors - People are Strange</a>"
172,5403,nightskygirl, INFJ - The Protectors,"<a href=""http://www.youtube.com/watch?v=xo2wLUNaNO8"" rel=""nofollow"" target=""_blank"">YouTube - Keane-Leaving so Soon?</a>"
173,5404,airmarionette, INTP - The Thinkers,"<a href=""http://www.youtube.com/watch?v=8qWePX39R40"" rel=""nofollow"" target=""_blank"">YouTube - Rob Dougan - Furious Angels - Matrix Reloaded</a>"
174,5405,thirtiesgirl, INFJ - The Protectors," <div class=""bbcode_container""> <div class=""bbcode_quote""> <div class=""quote_container""> <div class=""bbcode_quote_container""></div> <div class=""bbcode_postedby""> <img alt=""Quote"" src=""http://personalitycafe.com/images/styles/PersonalityCafe/misc/quote_icon.png"" title=""Quote""/> Originally Posted by <strong>heartturnedtoporcelain</strong> <a href=""http://personalitycafe.com/book-music-movie-reviews/208-what-song-you-listening-now-post495781.html#post495781"" rel=""nofollow""><img alt=""View Post"" class=""inlineimg"" src=""http://personalitycafe.com/images/styles/PersonalityCafe/buttons/viewpost-right.png"" title=""View Post""/></a> </div> <div class=""message"">I heart her so much. I have to stop myself from only posting her videos.<br/> <br/>
This song reminds me a lot of my fellow INFPs but I bet everyone can relate to it.</div> </div> </div> </div> I'm a big Neko Case fan, ever since I saw her open for Nick Cave nearly 10 years ago.  I love her voice, and love the song you posted.<br/> <br/>
Currently listening to: <a href=""http://www.youtube.com/watch?v=CTzidsgyas0"" rel=""nofollow"" target=""_blank"">YouTube - The Raveonettes - Black / White</a>"
175,5406,heartturnedtoporcelain, INFP - The Idealists," <div class=""bbcode_container""> <div class=""bbcode_quote""> <div class=""quote_container""> <div class=""bbcode_quote_container""></div> <div class=""bbcode_postedby""> <img alt=""Quote"" src=""http://personalitycafe.com/images/styles/PersonalityCafe/misc/quote_icon.png"" title=""Quote""/> Originally Posted by <strong>thirtiesgirl</strong> <a href=""http://personalitycafe.com/book-music-movie-reviews/208-what-song-you-listening-now-post516685.html#post516685"" rel=""nofollow""><img alt=""View Post"" class=""inlineimg"" src=""http://personalitycafe.com/images/styles/PersonalityCafe/buttons/viewpost-right.png"" title=""View Post""/></a> </div> <div class=""message"">I'm a big Neko Case fan, ever since I saw her open for Nick Cave nearly 10 years ago.  I love her voice, and love the song you posted.</div> </div> </div> </div> Neko Case <i>and</i> Nick Cave - sounds fantastic.<br/> <br/>
and while I'm here:<br/> <br/> <a href=""http://www.youtube.com/watch?v=tsT4inHr41c"" rel=""nofollow"" target=""_blank"">YouTube - The Thermals - How We Fade with lyrics</a>"
176,5407,danse-macabre, ENTP,"<a href=""http://www.youtube.com/watch?v=gEmJ-VWPDM4"" rel=""nofollow"" target=""_blank"">Turning Japanese by The Vapors</a>"
177,5408,harley, Unknown Personality,"<a href=""http://www.youtube.com/watch?v=B_b_xIPAca4"" rel=""nofollow"" target=""_blank"">YouTube - Sky - Love Song</a>"
178,5409,nasmoe, INFP - The Idealists,"<a href=""http://www.youtube.com/watch?v=QmZPUm7goYA"" rel=""nofollow"" target=""_blank"">YouTube - Cinérex - Heavenly</a>"
179,5410,hiccups24-7, Unknown Personality,"<a href=""http://www.youtube.com/watch?v=PHG5P9xFyhI"" rel=""nofollow"" target=""_blank"">YouTube - Veruca Salt - Number One Blind</a><br/> <br/>
After all these years I only just noticed the pixies reference in this song! ^___^"
180,5411,so-long-so-long, ENTP,"<a href=""http://www.youtube.com/watch?v=ZNJeT18Ro_I"" rel=""nofollow"" target=""_blank"">YouTube - Grayson Matthews - All You Need Is Love (Todo lo que necesitas es amor) - Subtitulado</a>"
181,5412,mutatio-nomenis, INTP - The Thinkers,"<a href=""http://www.youtube.com/watch?v=XLTUOYEvddw"" rel=""nofollow"" target=""_blank"">YouTube - Serj Tankian - Honking Antelope</a>"
182,5413,nightskygirl, INFJ - The Protectors,"<a href=""http://www.youtube.com/watch?v=4P3SHXQEpRU"" rel=""nofollow"" target=""_blank"">YouTube - Muse- Starlight</a>"
183,5414,nightskygirl, INFJ - The Protectors,"<a href=""http://www.youtube.com/watch?v=wCjrTw35CpY"" rel=""nofollow"" target=""_blank"">YouTube - Coldplay - In my place Lyrics</a>"
184,5415,nasmoe, INFP - The Idealists,"<a href=""http://www.youtube.com/watch?v=Y1svPxH2MbI"" rel=""nofollow"" target=""_blank"">YouTube - Crystal Castles - Courtship Dating (Official Video)</a>"
185,5416,poppypeedonmysofa, INFP - The Idealists,"<a href=""http://www.youtube.com/watch?v=v13JAf6Oohc"" rel=""nofollow"" target=""_blank"">YouTube - Santana - Oye Como Va</a>"
186,5417,thefistofreality, ESTP - The Doers,"<a href=""http://www.youtube.com/watch?v=oLXYiF_BdAs"" rel=""nofollow"" target=""_blank"">YouTube - Michael Jackson- Man in the Mirror Lyrics</a>"
187,5418,elli, ENTP - The Visionaries,Joni Mitchell - Cold Blue Steel and Sweet Fire
188,5419,hiccups24-7, Unknown Personality,"<a href=""http://www.youtube.com/watch?v=cbgQi5Kzgjg"" rel=""nofollow"" target=""_blank"">YouTube - Marine Time Keepers - like the whirlwind you arrived in</a>"
189,5420,idane, ISFP - The Artists,"<a href=""http://www.youtube.com/watch?v=AvI5rjQTao4"" rel=""nofollow"" target=""_blank"">YouTube - Lights In The Sky [Lofi_Polizei Mix]</a>"
190,5421,aquarelle99, INFJ - The Protectors,Thriller! - MJ
191,5422,ben, INTP - The Thinkers,"<a href=""http://www.youtube.com/watch?v=n-BRKoNNMJQ&amp;feature=related"" rel=""nofollow"" target=""_blank"">YouTube - Ludo-Lake Pontchartrain</a>"
192,5423,johndorian, INFP - The Idealists,"<u><font color=""#810081""><a href=""http://www.youtube.com/watch?v=zj-d4rvuRk8"" rel=""nofollow"" target=""_blank"">YouTube - Red - Death Of Me</a></font></u>"
193,5424,l-empereur, INTJ - The Scientists,"<a href=""http://www.youtube.com/watch?v=Pjzer9dUWmg"" rel=""nofollow"" target=""_blank"">YouTube - Michael Jackson- Human Nature</a>"
194,5425,thefistofreality, ESTP - The Doers,"This is the song that without a doubt, me and my best friends sing when we're trashed.<br/> <br/> <iframe class=""restrain"" frameborder=""0"" height=""390"" id=""yui-gen0"" src=""//www.youtube.com/embed/SM3fEJyPrrg?wmode=opaque"" title=""YouTube video player"" width=""640""></iframe> <br/> <br/>
We cry, then we smoke a little more weed and we're over it"
195,5426,heartturnedtoporcelain, INFP - The Idealists," <iframe class=""restrain"" frameborder=""0"" height=""390"" id=""yui-gen1"" src=""//www.youtube.com/embed/2e2e3QU4ft0?wmode=opaque"" title=""YouTube video player"" width=""640""></iframe> "
196,5427,steve-md, ENFP - The Inspirers," <iframe class=""restrain"" frameborder=""0"" height=""390"" id=""yui-gen2"" src=""//www.youtube.com/embed/tglSCIpaXPs?wmode=opaque"" title=""YouTube video player"" width=""640""></iframe> "
197,5428,poppypeedonmysofa, INFP - The Idealists," <iframe class=""restrain"" frameborder=""0"" height=""390"" id=""yui-gen3"" src=""//www.youtube.com/embed/r-ROVm31Mvs?wmode=opaque"" title=""YouTube video player"" width=""640""></iframe> "
198,5429,steve-md, ENFP - The Inspirers," <iframe class=""restrain"" frameborder=""0"" height=""390"" id=""yui-gen4"" src=""//www.youtube.com/embed/mBHddoQm4w8?wmode=opaque"" title=""YouTube video player"" width=""640""></iframe> "
199,5430,l-empereur, INTJ - The Scientists," <iframe class=""restrain"" frameborder=""0"" height=""390"" id=""yui-gen5"" src=""//www.youtube.com/embed/sOgc5a8ty1I?wmode=opaque"" title=""YouTube video player"" width=""640""></iframe> "
200,5431,matt, ENFJ - The Givers," <div class=""bbcode_container""> <div class=""bbcode_quote""> <div class=""quote_container""> <div class=""bbcode_quote_container""></div> <div class=""bbcode_postedby""> <img alt=""Quote"" src=""http://personalitycafe.com/images/styles/PersonalityCafe/misc/quote_icon.png"" title=""Quote""/> Originally Posted by <strong>Aquarelle99</strong> <a href=""http://personalitycafe.com/book-music-movie-reviews/208-what-song-you-listening-now-post520220.html#post520220"" rel=""nofollow""><img alt=""View Post"" class=""inlineimg"" src=""http://personalitycafe.com/images/styles/PersonalityCafe/buttons/viewpost-right.png"" title=""View Post""/></a> </div> <div class=""message"">Thriller! - MJ</div> </div> </div> </div> nice choice<br/> <br/>
let down- radiohead"
201,5432,hanniballecter, INTJ - The Scientists," <iframe class=""restrain"" frameborder=""0"" height=""390"" id=""yui-gen0"" src=""//www.youtube.com/embed/o6vyZ_q-TjA?wmode=opaque"" title=""YouTube video player"" width=""640""></iframe> "
202,5433,steve-md, ENFP - The Inspirers," <iframe class=""restrain"" frameborder=""0"" height=""390"" id=""yui-gen1"" src=""//www.youtube.com/embed/HvDWn_zDPRc?wmode=opaque"" title=""YouTube video player"" width=""640""></iframe> "
203,5434,midnight-runner, Unknown Personality," <iframe class=""restrain"" frameborder=""0"" height=""390"" id=""yui-gen2"" src=""//www.youtube.com/embed/CaDvEWawcCA?wmode=opaque"" title=""YouTube video player"" width=""640""></iframe> <br/> <br/>
And next will be:<br/> <br/> <iframe class=""restrain"" frameborder=""0"" height=""390"" id=""yui-gen3"" src=""//www.youtube.com/embed/_0O0BkKdMx0?wmode=opaque"" title=""YouTube video player"" width=""640""></iframe> "
204,5435,thestrangewarrior, ISTJ - The Duty Fulfillers," <iframe class=""restrain"" frameborder=""0"" height=""390"" id=""yui-gen4"" src=""//www.youtube.com/embed/EVbGZ3miCEg?wmode=opaque"" title=""YouTube video player"" width=""640""></iframe> "
205,5436,heartturnedtoporcelain, INFP - The Idealists," <iframe class=""restrain"" frameborder=""0"" height=""390"" id=""yui-gen5"" src=""//www.youtube.com/embed/aZLH4AX5VCg?wmode=opaque"" title=""YouTube video player"" width=""640""></iframe> "
206,5437,kiwigrl, ENFJ," <iframe class=""restrain"" frameborder=""0"" height=""390"" id=""yui-gen6"" src=""//www.youtube.com/embed/D7gEFDR0fsY?wmode=opaque"" title=""YouTube video player"" width=""640""></iframe> <br/> <br/>
I love this song.  It's jazz, its sung brilliantly and its oldie worldie and the video is beautiful too because it reminds me of watching old movies with my mum.  I always wanted to dance around like those actors did, they were magical.<br/> <br/> <br/>
Oh and I can't leave out Frank's version of it:<br/> <br/> <iframe class=""restrain"" frameborder=""0"" height=""390"" id=""yui-gen7"" src=""//www.youtube.com/embed/0yyhOtPAXK4?wmode=opaque"" title=""YouTube video player"" width=""640""></iframe> "
207,5438,crazypenguin26, INFP - The Idealists," <iframe class=""restrain"" frameborder=""0"" height=""390"" id=""yui-gen8"" src=""//www.youtube.com/embed/Hwzps79cRFs?wmode=opaque"" title=""YouTube video player"" width=""640""></iframe> "
208,5439,robatix, ENFP - The Inspirers," <iframe class=""restrain"" frameborder=""0"" height=""390"" id=""yui-gen9"" src=""//www.youtube.com/embed/1An2pjS4mKE?wmode=opaque"" title=""YouTube video player"" width=""640""></iframe> "
209,5440,midnight-runner, Unknown Personality," <iframe class=""restrain"" frameborder=""0"" height=""390"" id=""yui-gen10"" src=""//www.youtube.com/embed/gW95OaAdoJ0?wmode=opaque"" title=""YouTube video player"" width=""640""></iframe> "
210,5441,airmarionette, INTP - The Thinkers," <iframe class=""restrain"" frameborder=""0"" height=""390"" id=""yui-gen0"" src=""//www.youtube.com/embed/smiE4slgGoM?wmode=opaque"" title=""YouTube video player"" width=""640""></iframe> <br/> <br/> <iframe class=""restrain"" frameborder=""0"" height=""390"" id=""yui-gen1"" src=""//www.youtube.com/embed/yJhyzKc8QP8?wmode=opaque"" title=""YouTube video player"" width=""640""></iframe> "
211,5442,linus, INFJ - The Protectors,"Philip Glass - Choosing Life.<br/> <font color=""Silver"">The Hours</font>"
212,5443,poppypeedonmysofa, INFP - The Idealists," <iframe class=""restrain"" frameborder=""0"" height=""390"" id=""yui-gen2"" src=""//www.youtube.com/embed/Y3HZzDS2_hU?wmode=opaque"" title=""YouTube video player"" width=""640""></iframe> "
213,5444,impulse211, INFP - The Idealists," <iframe class=""restrain"" frameborder=""0"" height=""390"" id=""yui-gen3"" src=""//www.youtube.com/embed/iaIEXmBZLBo?wmode=opaque"" title=""YouTube video player"" width=""640""></iframe> "
214,5445,bionic, ENTJ - The Executives," <iframe class=""restrain"" frameborder=""0"" height=""390"" id=""yui-gen4"" src=""//www.youtube.com/embed/T6Wam9qv_qU?wmode=opaque"" title=""YouTube video player"" width=""640""></iframe> "
215,5446,steve-md, ENFP - The Inspirers," <iframe class=""restrain"" frameborder=""0"" height=""390"" id=""yui-gen5"" src=""//www.youtube.com/embed/VBhloaEVmaM?wmode=opaque"" title=""YouTube video player"" width=""640""></iframe> "
216,5447,harley, Unknown Personality," <iframe class=""restrain"" frameborder=""0"" height=""390"" id=""yui-gen6"" src=""//www.youtube.com/embed/qofA8N3xSUQ?wmode=opaque"" title=""YouTube video player"" width=""640""></iframe> "
217,5448,nasmoe, INFP - The Idealists," <iframe class=""restrain"" frameborder=""0"" height=""390"" id=""yui-gen7"" src=""//www.youtube.com/embed/Ai5kYKarBEk?wmode=opaque"" title=""YouTube video player"" width=""640""></iframe> "
218,5449,hiccups24-7, Unknown Personality," <iframe class=""restrain"" frameborder=""0"" height=""390"" id=""yui-gen8"" src=""//www.youtube.com/embed/B2IGPFoUzbQ?wmode=opaque"" title=""YouTube video player"" width=""640""></iframe> "
219,5450,thefistofreality, ESTP - The Doers," <iframe class=""restrain"" frameborder=""0"" height=""390"" id=""yui-gen9"" src=""//www.youtube.com/embed/d0dD59FYxJ4?wmode=opaque"" title=""YouTube video player"" width=""640""></iframe> "
220,5451,nightskygirl, INFJ - The Protectors," <iframe class=""restrain"" frameborder=""0"" height=""390"" id=""yui-gen61"" src=""//www.youtube.com/embed/B8UeeIAJ0a0?wmode=opaque"" title=""YouTube video player"" width=""640""></iframe> "
221,5452,nasmoe, INFP - The Idealists," <iframe class=""restrain"" frameborder=""0"" height=""390"" id=""yui-gen62"" src=""//www.youtube.com/embed/HnBpUGmcsFo?wmode=opaque"" title=""YouTube video player"" width=""640""></iframe> "
222,5453,nightskygirl, INFJ - The Protectors," <iframe class=""restrain"" frameborder=""0"" height=""390"" id=""yui-gen63"" src=""//www.youtube.com/embed/56E8yYgLNHE?wmode=opaque"" title=""YouTube video player"" width=""640""></iframe> "
223,5454,labyrinth, INTJ - The Scientists,Metallica- Master of Puppets
224,5455,kiwigrl, ENFJ," <iframe class=""restrain"" frameborder=""0"" height=""390"" id=""yui-gen64"" src=""//www.youtube.com/embed/tNJ2I2JJr5Y?wmode=opaque"" title=""YouTube video player"" width=""640""></iframe> "
225,5456,poppypeedonmysofa, INFP - The Idealists," <iframe class=""restrain"" frameborder=""0"" height=""390"" id=""yui-gen65"" src=""//www.youtube.com/embed/m6thmKcSRwc?wmode=opaque"" title=""YouTube video player"" width=""640""></iframe> "
226,5457,thefistofreality, ESTP - The Doers,"If you're looking for something new to listen to, Andy Hull is perfect. His voice is just a beer on a hot summer day.<br/> <br/> <iframe class=""restrain"" frameborder=""0"" height=""390"" id=""yui-gen66"" src=""//www.youtube.com/embed/TQ19amKUCs4?wmode=opaque"" title=""YouTube video player"" width=""640""></iframe> "
227,5458,hiccups24-7, Unknown Personality," <iframe class=""restrain"" frameborder=""0"" height=""390"" id=""yui-gen67"" src=""//www.youtube.com/embed/rLPyxWPttTU?wmode=opaque"" title=""YouTube video player"" width=""640""></iframe> "
228,5459,danse-macabre, ENTP," <iframe class=""restrain"" frameborder=""0"" height=""390"" id=""yui-gen68"" src=""//www.youtube.com/embed/qujfdzLJPyU?wmode=opaque"" title=""YouTube video player"" width=""640""></iframe> "
229,5460,steve-md, ENFP - The Inspirers," <iframe class=""restrain"" frameborder=""0"" height=""390"" id=""yui-gen69"" src=""//www.youtube.com/embed/mAXGON5P3Vk?wmode=opaque"" title=""YouTube video player"" width=""640""></iframe> "
230,5461,thefistofreality, ESTP - The Doers," <iframe class=""restrain"" frameborder=""0"" height=""390"" id=""yui-gen0"" src=""//www.youtube.com/embed/pASsy-0YQ4M?wmode=opaque"" title=""YouTube video player"" width=""640""></iframe> "
231,5462,thirtiesgirl, INFJ - The Protectors," <iframe class=""restrain"" frameborder=""0"" height=""390"" id=""yui-gen1"" src=""//www.youtube.com/embed/gRmq26xz4D4?wmode=opaque"" title=""YouTube video player"" width=""640""></iframe> <br/> <br/>
Originally written by Galaxie 500, Dean Wareham's other band."
232,5463,third-engine, INTJ - The Scientists,"From one of my favorite albums of all time.<br/> <br/> <iframe class=""restrain"" frameborder=""0"" height=""390"" id=""yui-gen2"" src=""//www.youtube.com/embed/wtHAKEZzrl8?wmode=opaque"" title=""YouTube video player"" width=""640""></iframe> "
233,5464,nightskygirl, INFJ - The Protectors," <iframe class=""restrain"" frameborder=""0"" height=""390"" id=""yui-gen3"" src=""//www.youtube.com/embed/98Akpf1ph2o?wmode=opaque"" title=""YouTube video player"" width=""640""></iframe> "
234,5465,jncky, INTJ - The Scientists," <iframe class=""restrain"" frameborder=""0"" height=""390"" id=""yui-gen4"" src=""//www.youtube.com/embed/aw30TrAv8rg?wmode=opaque"" title=""YouTube video player"" width=""640""></iframe> "
235,5466,heartturnedtoporcelain, INFP - The Idealists," <iframe class=""restrain"" frameborder=""0"" height=""390"" id=""yui-gen5"" src=""//www.youtube.com/embed/Z2DycTK-vVg?wmode=opaque"" title=""YouTube video player"" width=""640""></iframe> "
236,5467,poppypeedonmysofa, INFP - The Idealists," <iframe class=""restrain"" frameborder=""0"" height=""390"" id=""yui-gen6"" src=""//www.youtube.com/embed/4R6nmKjcSeU?wmode=opaque"" title=""YouTube video player"" width=""640""></iframe> "
237,5468,steve-md, ENFP - The Inspirers," <iframe class=""restrain"" frameborder=""0"" height=""390"" id=""yui-gen7"" src=""//www.youtube.com/embed/cjYeRzQ4LOA?wmode=opaque"" title=""YouTube video player"" width=""640""></iframe> "
238,5469,thefistofreality, ESTP - The Doers," <iframe class=""restrain"" frameborder=""0"" height=""390"" id=""yui-gen8"" src=""//www.youtube.com/embed/Gl83mI69nX4?wmode=opaque"" title=""YouTube video player"" width=""640""></iframe> "
239,5470,xplosive, INFJ - The Protectors,"<a href=""https://www.amazon.com/dp/B00168IJMG?tag=thest01-20&amp;camp=213381&amp;creative=390973&amp;linkCode=as4&amp;creativeASIN=B00168IJMG&amp;adid=0R126MYWSH5AAFCZQTDP&amp;"" rel=""nofollow"" target=""_blank"">Jay-Z - D'Evils</a><br/> <br/> <iframe class=""restrain"" frameborder=""0"" height=""390"" id=""yui-gen9"" src=""//www.youtube.com/embed/0mnyBp4FzzI?wmode=opaque"" title=""YouTube video player"" width=""640""></iframe> "
240,5471,thefistofreality, ESTP - The Doers," <iframe class=""restrain"" frameborder=""0"" height=""390"" id=""yui-gen0"" src=""//www.youtube.com/embed/FdmzL5scRLE?wmode=opaque"" title=""YouTube video player"" width=""640""></iframe> "
241,5472,elli, ENTP - The Visionaries,Aerosmith - Dream on
242,5473,hiccups24-7, Unknown Personality,"^^^^^^^^^^^^^^^^^^^^^^^^^^^^^^<br/> <iframe class=""restrain"" frameborder=""0"" height=""390"" id=""yui-gen1"" src=""//www.youtube.com/embed/BH3il4rJzVc?wmode=opaque"" title=""YouTube video player"" width=""640""></iframe> <br/> <br/> <iframe class=""restrain"" frameborder=""0"" height=""390"" id=""yui-gen2"" src=""//www.youtube.com/embed/5LEACigQgY0?wmode=opaque"" title=""YouTube video player"" width=""640""></iframe> "
243,5474,thefistofreality, ESTP - The Doers," <iframe class=""restrain"" frameborder=""0"" height=""390"" id=""yui-gen3"" src=""//www.youtube.com/embed/tFfb_CwBma0?wmode=opaque"" title=""YouTube video player"" width=""640""></iframe> "
244,5475,smileyman, INTJ - The Scientists,On Melancholy Hill by Gorillaz.
245,5476,idane, ISFP - The Artists," <iframe class=""restrain"" frameborder=""0"" height=""390"" id=""yui-gen4"" src=""//www.youtube.com/embed/T6a_1R3w5i4?wmode=opaque"" title=""YouTube video player"" width=""640""></iframe> "
246,5477,nasmoe, INFP - The Idealists," <iframe class=""restrain"" frameborder=""0"" height=""390"" id=""yui-gen5"" src=""//www.youtube.com/embed/WFmlvNNadfU?wmode=opaque"" title=""YouTube video player"" width=""640""></iframe> "
247,5478,thefistofreality, ESTP - The Doers," <iframe class=""restrain"" frameborder=""0"" height=""390"" id=""yui-gen6"" src=""//www.youtube.com/embed/Hngz8O2dAHI?wmode=opaque"" title=""YouTube video player"" width=""640""></iframe> "
248,5479,hiccups24-7, Unknown Personality," <iframe class=""restrain"" frameborder=""0"" height=""390"" id=""yui-gen7"" src=""//www.youtube.com/embed/ZGjD_m0znQs?wmode=opaque"" title=""YouTube video player"" width=""640""></iframe> "
249,5480,unknownstateofmind, INTP - The Thinkers,The Wicked End by Avenged Sevenfold
250,5481,decon, INFJ - The Protectors," <iframe class=""restrain"" frameborder=""0"" height=""390"" id=""yui-gen0"" src=""//www.youtube.com/embed/se2ji7J6ZWg?wmode=opaque"" title=""YouTube video player"" width=""640""></iframe> "
251,5482,hiccups24-7, Unknown Personality," <iframe class=""restrain"" frameborder=""0"" height=""390"" id=""yui-gen1"" src=""//www.youtube.com/embed/dZMR4m3HV9Y?wmode=opaque"" title=""YouTube video player"" width=""640""></iframe> <br/> <br/>
the suit!! <img alt="""" border=""0"" class=""inlineimg"" src=""http://personalitycafe.com/images/smilies/1/blushed.gif"" title=""Blushed""/> ...and her beautiful conviction. five hearts ♥♥♥♥♥"
252,5483,veritas, INTP - The Thinkers,"<a href=""http://www.youtube.com/watch?v=eNeH-U_n1ME"" rel=""nofollow"" target=""_blank"">YouTube - (hed) p.e. - Killing Time</a>"
253,5484,nasmoe, INFP - The Idealists,"<a href=""http://www.youtube.com/watch?v=Cx0xzO73Amo"" rel=""nofollow"" target=""_blank"">YouTube - Soul For Real - Candy Rain</a>"
254,5485,third-engine, INTJ - The Scientists,"<a href=""http://www.youtube.com/watch?v=R8MzHqkNBwo"" rel=""nofollow"" target=""_blank"">YouTube - Ludovico Einaudi - Oltremare</a>"
255,5486,thefistofreality, ESTP - The Doers,"<a href=""http://www.youtube.com/watch?v=57rOQsypsh4"" rel=""nofollow"" target=""_blank"">YouTube - Drake - Up All Night (feat. Nicki Minaj) With Lyrics HD DOWNLOAD LINK</a>"
256,5487,midnight-runner, Unknown Personality,"<a href=""http://www.youtube.com/watch?v=g-035lzG_m0"" rel=""nofollow"" target=""_blank"">YouTube - Final Fantasy VII - Fortress of the Condor [HQ]</a>"
257,5488,nasmoe, INFP - The Idealists,"Because of the post count.<br/> <a href=""http://www.youtube.com/watch?v=ABYnqp-bxvg"" rel=""nofollow"" target=""_blank"">YouTube - Feist - 1234</a>"
258,5489,heartturnedtoporcelain, INFP - The Idealists,"<a href=""http://www.youtube.com/watch?v=y_44sl1nHFY"" rel=""nofollow"" target=""_blank"">YouTube - Okkervil River - So Come Back , I Am Waiting</a>"
259,5490,firedell, ISFP - The Artists,"<a href=""http://www.youtube.com/watch?v=MQlJ3vOp6nI"" rel=""nofollow"" target=""_blank"">YouTube - Everybody's Free (To Wear Sunscreen) Lyrics</a>"
260,5491,hiccups24-7, Unknown Personality,"<a href=""http://www.youtube.com/watch?v=uP7G3X8ZDzE"" rel=""nofollow"" target=""_blank"">http://www.youtube.com/watch?v=uP7G3X8ZDzE</a>"
261,5492,idane, ISFP - The Artists,"<a href=""http://www.youtube.com/watch?v=elyQ4ShVw-Y"" rel=""nofollow"" target=""_blank"">YouTube - Gogol Bordello - ""Wonderlust King"" Side One Dummy</a>"
262,5493,kiwigrl, ENFJ," <iframe class=""restrain"" frameborder=""0"" height=""390"" id=""yui-gen0"" src=""//www.youtube.com/embed/bWP07YgUWig?wmode=opaque"" title=""YouTube video player"" width=""640""></iframe> <br/> <br/> <br/> <br/> <br/> <iframe class=""restrain"" frameborder=""0"" height=""390"" id=""yui-gen1"" src=""//www.youtube.com/embed/NymBlnMCzl8?wmode=opaque"" title=""YouTube video player"" width=""640""></iframe> "
263,5494,nasmoe, INFP - The Idealists," <iframe class=""restrain"" frameborder=""0"" height=""390"" id=""yui-gen2"" src=""//www.youtube.com/embed/34ZXScicsbs?wmode=opaque"" title=""YouTube video player"" width=""640""></iframe> "
264,5495,poppypeedonmysofa, INFP - The Idealists," <iframe class=""restrain"" frameborder=""0"" height=""390"" id=""yui-gen3"" src=""//www.youtube.com/embed/o3S41UgR_Fs?wmode=opaque"" title=""YouTube video player"" width=""640""></iframe> "
265,5496,thefistofreality, ESTP - The Doers," <iframe class=""restrain"" frameborder=""0"" height=""390"" id=""yui-gen4"" src=""//www.youtube.com/embed/OaPEOdefOq0?wmode=opaque"" title=""YouTube video player"" width=""640""></iframe> "
266,5497,airmarionette, INTP - The Thinkers," <iframe class=""restrain"" frameborder=""0"" height=""390"" id=""yui-gen5"" src=""//www.youtube.com/embed/gkTjmEpLrII?wmode=opaque"" title=""YouTube video player"" width=""640""></iframe> "
267,5498,atenza-coltheart, ENFP - The Inspirers," <iframe class=""restrain"" frameborder=""0"" height=""390"" id=""yui-gen6"" src=""//www.youtube.com/embed/9b0sSCwW5S4?wmode=opaque"" title=""YouTube video player"" width=""640""></iframe> "
268,5499,wonderoussplendour, INFP - The Idealists," <iframe class=""restrain"" frameborder=""0"" height=""390"" id=""yui-gen7"" src=""//www.youtube.com/embed/kjH95-8vS2A?wmode=opaque"" title=""YouTube video player"" width=""640""></iframe> <br/> <br/>
How fickle my heart and how woozy my eyes<br/>
I struggle to find any truth in your lies<br/>
And now my heart stumbles on things I don't know<br/>
This weakness I feel I must finally show<br/> <br/>
Lend me your hand and we'll conquer them all<br/>
But lend me your heart and I'll just let you fall<br/>
Lend me your eyes I can change what you see<br/>
But your soul you must keep, totally free<br/>
Har har, har har, har har, har har<br/> <br/>
In these bodies we will live, in these bodies we will die<br/>
Where you invest your love, you invest your life<br/>
In these bodies we will live, in these bodies we will die<br/>
Where you invest your love, you invest your life<br/> <br/>
Awake my soul, awake my soul<br/>
Awake my soul<br/>
You were made to meet your maker<br/>
Awake my soul, awake my soul<br/>
Awake my soul<br/>
You were made to meet your maker<br/>
You were made to meet your maker"
269,5500,thefistofreality, ESTP - The Doers," <iframe class=""restrain"" frameborder=""0"" height=""390"" id=""yui-gen8"" src=""//www.youtube.com/embed/hmw63Xp2LWA?wmode=opaque"" title=""YouTube video player"" width=""640""></iframe> "
270,5501,jack-in-the-box, INTJ - The Scientists,"seven years (acoustic) - saosin<br/> <br/>
ohhhh man this brings back memories"
271,5502,jncky, INTJ - The Scientists," <iframe class=""restrain"" frameborder=""0"" height=""390"" id=""yui-gen0"" src=""//www.youtube.com/embed/_cntLoJ8nCs?wmode=opaque"" title=""YouTube video player"" width=""640""></iframe> "
272,5503,reddeath9, INTP - The Thinkers," <iframe class=""restrain"" frameborder=""0"" height=""390"" id=""yui-gen1"" src=""//www.youtube.com/embed/rq2gK9zJ81Y?wmode=opaque"" title=""YouTube video player"" width=""640""></iframe> <br/> <br/>
The original:<br/> <br/> <iframe class=""restrain"" frameborder=""0"" height=""390"" id=""yui-gen2"" src=""//www.youtube.com/embed/3an8jdsVM3s?wmode=opaque"" title=""YouTube video player"" width=""640""></iframe> <br/> <br/>
Where he got the vocal melodies from, I have no idea."
273,5504,macrosapien, Unknown,delete....
274,5505,macrosapien, Unknown," <iframe class=""restrain"" frameborder=""0"" height=""390"" id=""yui-gen3"" src=""//www.youtube.com/embed/DJEWjtRd6hQ?wmode=opaque"" title=""YouTube video player"" width=""640""></iframe> "
275,5506,heartturnedtoporcelain, INFP - The Idealists," <iframe class=""restrain"" frameborder=""0"" height=""390"" id=""yui-gen4"" src=""//www.youtube.com/embed/lUovy2KeFL4?wmode=opaque"" title=""YouTube video player"" width=""640""></iframe> <br/> <br/>
An integral part of my summer sunshine walking playlist."
276,5507,rationality, INTJ - The Scientists,"Animal Collective - My Girls<br/> <iframe class=""restrain"" frameborder=""0"" height=""390"" id=""yui-gen5"" src=""//www.youtube.com/embed/zol2MJf6XNE?wmode=opaque"" title=""YouTube video player"" width=""640""></iframe> "
277,5508,darkestblue, INFP - The Idealists," <iframe class=""restrain"" frameborder=""0"" height=""390"" id=""yui-gen6"" src=""//www.youtube.com/embed/2o1PPis1wtg?wmode=opaque"" title=""YouTube video player"" width=""640""></iframe> "
278,5509,macrosapien, Unknown," <iframe class=""restrain"" frameborder=""0"" height=""390"" id=""yui-gen7"" src=""//www.youtube.com/embed/k0i7hZe9MaM?wmode=opaque"" title=""YouTube video player"" width=""640""></iframe> "
279,5510,hiccups24-7, Unknown Personality," <iframe class=""restrain"" frameborder=""0"" height=""390"" id=""yui-gen8"" src=""//www.youtube.com/embed/CyB0i7ishkg?wmode=opaque"" title=""YouTube video player"" width=""640""></iframe> "
280,5511,midnight-runner, Unknown Personality," <iframe class=""restrain"" frameborder=""0"" height=""390"" id=""yui-gen0"" src=""//www.youtube.com/embed/lwtnBm8glPE?wmode=opaque"" title=""YouTube video player"" width=""640""></iframe> "
281,5512,l-empereur, INTJ - The Scientists," <iframe class=""restrain"" frameborder=""0"" height=""390"" id=""yui-gen1"" src=""//www.youtube.com/embed/kEdk8YhieSQ?wmode=opaque"" title=""YouTube video player"" width=""640""></iframe> "
282,5513,nasmoe, INFP - The Idealists," <div class=""bbcode_container""> <div class=""bbcode_quote""> <div class=""quote_container""> <div class=""bbcode_quote_container""></div> <div class=""bbcode_postedby""> <img alt=""Quote"" src=""http://personalitycafe.com/images/styles/PersonalityCafe/misc/quote_icon.png"" title=""Quote""/> Originally Posted by <strong>CaesAug</strong> <a href=""http://personalitycafe.com/book-music-movie-reviews/208-what-song-you-listening-now-post545775.html#post545775"" rel=""nofollow""><img alt=""View Post"" class=""inlineimg"" src=""http://personalitycafe.com/images/styles/PersonalityCafe/buttons/viewpost-right.png"" title=""View Post""/></a> </div> <div class=""message""><a href=""http://www.youtube.com/watch?v=kEdk8YhieSQ"" rel=""nofollow"" target=""_blank"">YouTube - MIA - Born Free (OFFICIAL AUDIO)</a></div> </div> </div> </div> That song is pretty intense. Especially with the music video.<br/> <br/> <iframe class=""restrain"" frameborder=""0"" height=""390"" id=""yui-gen2"" src=""//www.youtube.com/embed/QdNpmqL_NIw?wmode=opaque"" title=""YouTube video player"" width=""640""></iframe> "
283,5514,heartturnedtoporcelain, INFP - The Idealists," <iframe class=""restrain"" frameborder=""0"" height=""390"" id=""yui-gen3"" src=""//www.youtube.com/embed/AINUPFbFpqg?wmode=opaque"" title=""YouTube video player"" width=""640""></iframe> "
284,5515,agokcen, Unknown Personality," <iframe class=""restrain"" frameborder=""0"" height=""390"" id=""yui-gen4"" src=""//www.youtube.com/embed/935CFnTt-iA?wmode=opaque"" title=""YouTube video player"" width=""640""></iframe> "
285,5516,decon, INFJ - The Protectors," <iframe class=""restrain"" frameborder=""0"" height=""390"" id=""yui-gen5"" src=""//www.youtube.com/embed/A4kegIBcz2w?wmode=opaque"" title=""YouTube video player"" width=""640""></iframe> "
286,5517,sweetish, ISFJ," <iframe class=""restrain"" frameborder=""0"" height=""390"" id=""yui-gen6"" src=""//www.youtube.com/embed/wOSqoDCEfV0?wmode=opaque"" title=""YouTube video player"" width=""640""></iframe> "
287,5518,hiccups24-7, Unknown Personality,"<b>Raised By Swans - hail of arrows</b><br/> <iframe class=""restrain"" frameborder=""0"" height=""390"" id=""yui-gen7"" src=""//www.youtube.com/embed/LtXBiUwhxWU?wmode=opaque"" title=""YouTube video player"" width=""640""></iframe> "
288,5519,belle-starr, INFJ - The Protectors,"Archer's Arrow - Crowded House, just came out today, no link that I can find"
289,5520,thefistofreality, ESTP - The Doers," <iframe class=""restrain"" frameborder=""0"" height=""390"" id=""yui-gen8"" src=""//www.youtube.com/embed/OsUZjs2rMvA?wmode=opaque"" title=""YouTube video player"" width=""640""></iframe> "
290,5521,sweetish, ISFJ," <iframe class=""restrain"" frameborder=""0"" height=""390"" id=""yui-gen0"" src=""//www.youtube.com/embed/z1QXAj9SQVg?wmode=opaque"" title=""YouTube video player"" width=""640""></iframe> "
291,5522,pseudosenator, INTJ - The Scientists," <iframe class=""restrain"" frameborder=""0"" height=""390"" id=""yui-gen1"" src=""//www.youtube.com/embed/Hk469q3-EIc?wmode=opaque"" title=""YouTube video player"" width=""640""></iframe> "
292,5523,decon, INFJ - The Protectors," <iframe class=""restrain"" frameborder=""0"" height=""390"" id=""yui-gen2"" src=""//www.youtube.com/embed/qSsRt_1l740?wmode=opaque"" title=""YouTube video player"" width=""640""></iframe> "
293,5524,idane, ISFP - The Artists," <iframe class=""restrain"" frameborder=""0"" height=""390"" id=""yui-gen3"" src=""//www.youtube.com/embed/sHXuCBMItOo?wmode=opaque"" title=""YouTube video player"" width=""640""></iframe> "
294,5525,thefistofreality, ESTP - The Doers,"Lol don't judge me<br/> <br/> <iframe class=""restrain"" frameborder=""0"" height=""390"" id=""yui-gen4"" src=""//www.youtube.com/embed/JMHp9a5FwrI?wmode=opaque"" title=""YouTube video player"" width=""640""></iframe> "
295,5526,l-empereur, INTJ - The Scientists," <iframe class=""restrain"" frameborder=""0"" height=""390"" id=""yui-gen5"" src=""//www.youtube.com/embed/teS7YIwDGTQ?wmode=opaque"" title=""YouTube video player"" width=""640""></iframe> "
296,5527,calvaire, Unknown," <iframe class=""restrain"" frameborder=""0"" height=""390"" id=""yui-gen6"" src=""//www.youtube.com/embed/-K8_oD635Xs?wmode=opaque"" title=""YouTube video player"" width=""640""></iframe> "
297,5528,chilln, INTP - The Thinkers," <iframe class=""restrain"" frameborder=""0"" height=""390"" id=""yui-gen7"" src=""//www.youtube.com/embed/qgufhvG1YEA?wmode=opaque"" title=""YouTube video player"" width=""640""></iframe> "
298,5529,heartturnedtoporcelain, INFP - The Idealists," <iframe class=""restrain"" frameborder=""0"" height=""390"" id=""yui-gen8"" src=""//www.youtube.com/embed/vX07j9SDFcc?wmode=opaque"" title=""YouTube video player"" width=""640""></iframe> <br/> <br/>
*sigh* so nostalgic<br/> <br/>
This still gives me chills"
299,5530,immemorial, Unknown Personality," <iframe class=""restrain"" frameborder=""0"" height=""390"" id=""yui-gen9"" src=""//www.youtube.com/embed/yrBrH5PZtcc?wmode=opaque"" title=""YouTube video player"" width=""640""></iframe> "
300,5531,l-empereur, INTJ - The Scientists," <iframe class=""restrain"" frameborder=""0"" height=""390"" id=""yui-gen0"" src=""//www.youtube.com/embed/mcdbGxYX9es?wmode=opaque"" title=""YouTube video player"" width=""640""></iframe> "
301,5532,hiccups24-7, Unknown Personality," <iframe class=""restrain"" frameborder=""0"" height=""390"" id=""yui-gen1"" src=""//www.youtube.com/embed/S6qSihjOMKE?wmode=opaque"" title=""YouTube video player"" width=""640""></iframe> "
302,5533,agokcen, Unknown Personality," <iframe class=""restrain"" frameborder=""0"" height=""390"" id=""yui-gen2"" src=""//www.youtube.com/embed/KqoZAPzMI2E?wmode=opaque"" title=""YouTube video player"" width=""640""></iframe> <br/> <br/>
BADASS!!"
303,5534,jack-in-the-box, INTJ - The Scientists,"welcome home - radical face<br/> <br/> <iframe class=""restrain"" frameborder=""0"" height=""390"" id=""yui-gen3"" src=""//www.youtube.com/embed/P8a4iiOnzsc?wmode=opaque"" title=""YouTube video player"" width=""640""></iframe> "
304,5535,mariisa, INTJ - The Scientists,"Right now I'm listening to<br/> <br/>
Desert Rose - Sting, over and over again... xD"
305,5536,nasmoe, INFP - The Idealists," <iframe class=""restrain"" frameborder=""0"" height=""390"" id=""yui-gen4"" src=""//www.youtube.com/embed/cnsq9XtpmEk?wmode=opaque"" title=""YouTube video player"" width=""640""></iframe> "
306,5537,idane, ISFP - The Artists," <iframe class=""restrain"" frameborder=""0"" height=""390"" id=""yui-gen5"" src=""//www.youtube.com/embed/T3AB6NrfiaM?wmode=opaque"" title=""YouTube video player"" width=""640""></iframe> "
307,5538,jack-in-the-box, INTJ - The Scientists,"dream - priscilla ahn<br/> <br/> <iframe class=""restrain"" frameborder=""0"" height=""390"" id=""yui-gen6"" src=""//www.youtube.com/embed/ed_IPf2YECc?wmode=opaque"" title=""YouTube video player"" width=""640""></iframe> "
308,5539,sweetish, ISFJ," <iframe class=""restrain"" frameborder=""0"" height=""390"" id=""yui-gen7"" src=""//www.youtube.com/embed/WUrALU2zOTI?wmode=opaque"" title=""YouTube video player"" width=""640""></iframe> "
309,5540,immemorial, Unknown Personality," <iframe class=""restrain"" frameborder=""0"" height=""390"" id=""yui-gen8"" src=""//www.youtube.com/embed/-bcBkwulvXs?wmode=opaque"" title=""YouTube video player"" width=""640""></iframe> "
310,5541,reddeath9, INTP - The Thinkers,Atheist - Mother Man
311,5542,crazypenguin26, INFP - The Idealists," <iframe class=""restrain"" frameborder=""0"" height=""390"" id=""yui-gen0"" src=""//www.youtube.com/embed/3CEW6XNtrVc?wmode=opaque"" title=""YouTube video player"" width=""640""></iframe> "
312,5543,poppypeedonmysofa, INFP - The Idealists," <iframe class=""restrain"" frameborder=""0"" height=""390"" id=""yui-gen1"" src=""//www.youtube.com/embed/-hKKgPYYt7Y?wmode=opaque"" title=""YouTube video player"" width=""640""></iframe> "
313,5544,guiltyuntilproven, INFJ - The Protectors,Second Chance by Shinedown
314,5545,l-empereur, INTJ - The Scientists," <iframe class=""restrain"" frameborder=""0"" height=""390"" id=""yui-gen2"" src=""//www.youtube.com/embed/upnTg2GPgTM?wmode=opaque"" title=""YouTube video player"" width=""640""></iframe> "
315,5546,poppypeedonmysofa, INFP - The Idealists," <iframe class=""restrain"" frameborder=""0"" height=""390"" id=""yui-gen3"" src=""//www.youtube.com/embed/-llDbfOA53o?wmode=opaque"" title=""YouTube video player"" width=""640""></iframe> "
316,5547,decon, INFJ - The Protectors,"I'm so glad I downloaded this song.<br/> <br/> <iframe class=""restrain"" frameborder=""0"" height=""390"" id=""yui-gen4"" src=""//www.youtube.com/embed/5hmOMuhA1g0?wmode=opaque"" title=""YouTube video player"" width=""640""></iframe> "
317,5548,danse-macabre, ENTP," <iframe class=""restrain"" frameborder=""0"" height=""390"" id=""yui-gen5"" src=""//www.youtube.com/embed/fERekxzkjFE?wmode=opaque"" title=""YouTube video player"" width=""640""></iframe> <br/> <img alt="""" border=""0"" class=""inlineimg"" src=""http://personalitycafe.com/images/smilies/1/mellow.gif"" title=""Mellow""/>"
318,5549,wonderoussplendour, INFP - The Idealists," <iframe class=""restrain"" frameborder=""0"" height=""390"" id=""yui-gen6"" src=""//www.youtube.com/embed/lLJf9qJHR3E?wmode=opaque"" title=""YouTube video player"" width=""640""></iframe> "
319,5550,hiccups24-7, Unknown Personality," <iframe class=""restrain"" frameborder=""0"" height=""390"" id=""yui-gen7"" src=""//www.youtube.com/embed/adEAdFQ5pAY?wmode=opaque"" title=""YouTube video player"" width=""640""></iframe> "
